,co2
1958-03-29,316.1
1958-04-05,317.3
1958-04-12,317.6
1958-04-19,317.5
1958-04-26,316.4
1958-05-03,316.9
1958-05-10,
1958-05-17,317.5
1958-05-24,317.9
1958-05-31,
1958-06-07,
1958-06-14,
1958-06-21,
1958-06-28,
1958-07-05,315.8
1958-07-12,315.8
1958-07-19,315.4
1958-07-26,315.5
1958-08-02,315.6
1958-08-09,315.1
1958-08-16,315.0
1958-08-23,
1958-08-30,314.1
1958-09-06,313.5
1958-09-13,
1958-09-20,
1958-09-27,
1958-10-04,
1958-10-11,
1958-10-18,
1958-10-25,
1958-11-01,
1958-11-08,313.0
1958-11-15,313.2
1958-11-22,313.5
1958-11-29,314.0
1958-12-06,314.5
1958-12-13,314.4
1958-12-20,314.7
1958-12-27,315.2
1959-01-03,315.2
1959-01-10,315.5
1959-01-17,315.6
1959-01-24,315.8
1959-01-31,315.4
1959-02-07,
1959-02-14,316.9
1959-02-21,316.6
1959-02-28,316.6
1959-03-07,316.8
1959-03-14,
1959-03-21,316.7
1959-03-28,316.7
1959-04-04,317.7
1959-04-11,317.1
1959-04-18,317.6
1959-04-25,318.3
1959-05-02,318.2
1959-05-09,318.7
1959-05-16,318.0
1959-05-23,318.4
1959-05-30,
1959-06-06,318.5
1959-06-13,318.1
1959-06-20,317.8
1959-06-27,317.7
1959-07-04,316.8
1959-07-11,316.8
1959-07-18,316.4
1959-07-25,316.1
1959-08-01,315.6
1959-08-08,314.9
1959-08-15,
1959-08-22,315.0
1959-08-29,314.1
1959-09-05,314.4
1959-09-12,313.9
1959-09-19,313.5
1959-09-26,313.5
1959-10-03,313.0
1959-10-10,313.1
1959-10-17,313.4
1959-10-24,313.4
1959-10-31,314.1
1959-11-07,314.4
1959-11-14,314.8
1959-11-21,315.2
1959-11-28,315.1
1959-12-05,315.0
1959-12-12,315.6
1959-12-19,315.8
1959-12-26,315.7
1960-01-02,315.7
1960-01-09,316.4
1960-01-16,316.7
1960-01-23,316.5
1960-01-30,316.6
1960-02-06,316.6
1960-02-13,316.9
1960-02-20,317.4
1960-02-27,317.0
1960-03-05,316.9
1960-03-12,317.7
1960-03-19,318.0
1960-03-26,317.7
1960-04-02,318.6
1960-04-09,319.3
1960-04-16,319.0
1960-04-23,319.0
1960-04-30,319.7
1960-05-07,319.9
1960-05-14,319.8
1960-05-21,320.0
1960-05-28,320.0
1960-06-04,319.4
1960-06-11,320.0
1960-06-18,319.4
1960-06-25,319.0
1960-07-02,318.1
1960-07-09,318.6
1960-07-16,318.4
1960-07-23,317.9
1960-07-30,317.3
1960-08-06,316.6
1960-08-13,316.7
1960-08-20,315.1
1960-08-27,314.7
1960-09-03,314.7
1960-09-10,314.5
1960-09-17,314.2
1960-09-24,313.3
1960-10-01,313.6
1960-10-08,313.3
1960-10-15,313.9
1960-10-22,314.2
1960-10-29,314.2
1960-11-05,314.5
1960-11-12,315.1
1960-11-19,315.1
1960-11-26,315.4
1960-12-03,315.8
1960-12-10,316.0
1960-12-17,316.2
1960-12-24,316.4
1960-12-31,316.6
1961-01-07,316.7
1961-01-14,317.0
1961-01-21,317.0
1961-01-28,317.0
1961-02-04,317.0
1961-02-11,317.7
1961-02-18,317.9
1961-02-25,318.0
1961-03-04,318.0
1961-03-11,318.5
1961-03-18,318.9
1961-03-25,318.7
1961-04-01,319.4
1961-04-08,319.5
1961-04-15,318.9
1961-04-22,319.7
1961-04-29,319.6
1961-05-06,320.6
1961-05-13,320.4
1961-05-20,320.6
1961-05-27,320.3
1961-06-03,320.0
1961-06-10,320.0
1961-06-17,319.6
1961-06-24,319.4
1961-07-01,319.2
1961-07-08,319.0
1961-07-15,318.4
1961-07-22,317.1
1961-07-29,317.9
1961-08-05,317.9
1961-08-12,317.3
1961-08-19,316.7
1961-08-26,315.2
1961-09-02,315.2
1961-09-09,314.9
1961-09-16,314.5
1961-09-23,315.0
1961-09-30,315.6
1961-10-07,314.9
1961-10-14,315.4
1961-10-21,315.4
1961-10-28,315.7
1961-11-04,315.8
1961-11-11,315.7
1961-11-18,316.2
1961-11-25,316.5
1961-12-02,316.5
1961-12-09,317.0
1961-12-16,316.9
1961-12-23,317.1
1961-12-30,317.4
1962-01-06,317.9
1962-01-13,318.1
1962-01-20,318.0
1962-01-27,317.7
1962-02-03,318.0
1962-02-10,318.3
1962-02-17,318.9
1962-02-24,319.3
1962-03-03,319.2
1962-03-10,319.4
1962-03-17,319.9
1962-03-24,319.7
1962-03-31,320.2
1962-04-07,320.2
1962-04-14,321.0
1962-04-21,320.7
1962-04-28,320.3
1962-05-05,320.8
1962-05-12,320.7
1962-05-19,321.0
1962-05-26,321.1
1962-06-02,320.9
1962-06-09,320.8
1962-06-16,320.5
1962-06-23,320.1
1962-06-30,320.2
1962-07-07,320.1
1962-07-14,319.9
1962-07-21,319.0
1962-07-28,318.7
1962-08-04,318.6
1962-08-11,317.2
1962-08-18,317.4
1962-08-25,
1962-09-01,
1962-09-08,
1962-09-15,316.6
1962-09-22,315.7
1962-09-29,315.9
1962-10-06,315.1
1962-10-13,315.4
1962-10-20,315.7
1962-10-27,315.7
1962-11-03,315.9
1962-11-10,316.4
1962-11-17,316.9
1962-11-24,317.0
1962-12-01,317.1
1962-12-08,317.3
1962-12-15,317.6
1962-12-22,318.1
1962-12-29,
1963-01-05,318.5
1963-01-12,318.7
1963-01-19,318.9
1963-01-26,318.8
1963-02-02,318.7
1963-02-09,318.9
1963-02-16,
1963-02-23,319.3
1963-03-02,319.3
1963-03-09,319.7
1963-03-16,319.8
1963-03-23,320.3
1963-03-30,320.2
1963-04-06,320.3
1963-04-13,320.9
1963-04-20,322.0
1963-04-27,321.9
1963-05-04,
1963-05-11,321.9
1963-05-18,322.2
1963-05-25,322.2
1963-06-01,322.3
1963-06-08,322.0
1963-06-15,321.8
1963-06-22,320.8
1963-06-29,320.4
1963-07-06,320.1
1963-07-13,319.8
1963-07-20,319.5
1963-07-27,319.0
1963-08-03,318.6
1963-08-10,318.2
1963-08-17,317.7
1963-08-24,317.1
1963-08-31,316.4
1963-09-07,316.8
1963-09-14,315.9
1963-09-21,316.0
1963-09-28,315.9
1963-10-05,316.2
1963-10-12,315.6
1963-10-19,316.1
1963-10-26,316.3
1963-11-02,316.6
1963-11-09,316.8
1963-11-16,317.1
1963-11-23,
1963-11-30,317.5
1963-12-07,318.0
1963-12-14,318.2
1963-12-21,318.5
1963-12-28,318.7
1964-01-04,319.0
1964-01-11,319.4
1964-01-18,319.8
1964-01-25,
1964-02-01,
1964-02-08,
1964-02-15,
1964-02-22,
1964-02-29,
1964-03-07,
1964-03-14,
1964-03-21,
1964-03-28,
1964-04-04,
1964-04-11,
1964-04-18,
1964-04-25,
1964-05-02,
1964-05-09,
1964-05-16,
1964-05-23,
1964-05-30,322.0
1964-06-06,322.0
1964-06-13,
1964-06-20,
1964-06-27,321.5
1964-07-04,321.1
1964-07-11,319.9
1964-07-18,320.2
1964-07-25,320.0
1964-08-01,319.1
1964-08-08,
1964-08-15,318.6
1964-08-22,318.2
1964-08-29,318.1
1964-09-05,317.4
1964-09-12,316.5
1964-09-19,315.5
1964-09-26,317.0
1964-10-03,316.9
1964-10-10,316.5
1964-10-17,316.8
1964-10-24,317.0
1964-10-31,317.6
1964-11-07,317.7
1964-11-14,317.6
1964-11-21,317.5
1964-11-28,318.1
1964-12-05,318.4
1964-12-12,318.5
1964-12-19,318.9
1964-12-26,318.9
1965-01-02,319.0
1965-01-09,319.1
1965-01-16,319.1
1965-01-23,319.7
1965-01-30,320.1
1965-02-06,320.2
1965-02-13,320.1
1965-02-20,320.7
1965-02-27,320.8
1965-03-06,321.0
1965-03-13,320.9
1965-03-20,320.4
1965-03-27,321.4
1965-04-03,321.9
1965-04-10,322.2
1965-04-17,322.1
1965-04-24,321.8
1965-05-01,322.4
1965-05-08,322.2
1965-05-15,321.9
1965-05-22,321.6
1965-05-29,322.2
1965-06-05,321.8
1965-06-12,321.7
1965-06-19,321.7
1965-06-26,321.9
1965-07-03,321.9
1965-07-10,321.8
1965-07-17,321.7
1965-07-24,320.4
1965-07-31,319.4
1965-08-07,319.4
1965-08-14,318.0
1965-08-21,318.8
1965-08-28,318.7
1965-09-04,318.3
1965-09-11,318.0
1965-09-18,318.2
1965-09-25,316.8
1965-10-02,316.6
1965-10-09,317.2
1965-10-16,317.8
1965-10-23,317.5
1965-10-30,317.6
1965-11-06,318.3
1965-11-13,319.2
1965-11-20,318.9
1965-11-27,319.1
1965-12-04,319.0
1965-12-11,319.3
1965-12-18,319.3
1965-12-25,319.7
1966-01-01,319.6
1966-01-08,320.4
1966-01-15,320.6
1966-01-22,321.0
1966-01-29,321.1
1966-02-05,321.2
1966-02-12,321.7
1966-02-19,321.6
1966-02-26,321.8
1966-03-05,322.1
1966-03-12,322.1
1966-03-19,322.5
1966-03-26,322.8
1966-04-02,323.5
1966-04-09,323.6
1966-04-16,323.8
1966-04-23,323.9
1966-04-30,323.5
1966-05-07,324.0
1966-05-14,324.1
1966-05-21,323.7
1966-05-28,324.3
1966-06-04,324.0
1966-06-11,323.8
1966-06-18,323.7
1966-06-25,323.3
1966-07-02,322.8
1966-07-09,322.9
1966-07-16,
1966-07-23,
1966-07-30,
1966-08-06,321.3
1966-08-13,320.8
1966-08-20,319.1
1966-08-27,319.6
1966-09-03,319.9
1966-09-10,318.2
1966-09-17,318.4
1966-09-24,318.3
1966-10-01,317.9
1966-10-08,317.9
1966-10-15,318.2
1966-10-22,318.6
1966-10-29,318.3
1966-11-05,
1966-11-12,319.5
1966-11-19,320.0
1966-11-26,320.2
1966-12-03,320.8
1966-12-10,320.8
1966-12-17,321.1
1966-12-24,321.3
1966-12-31,321.3
1967-01-07,321.9
1967-01-14,322.9
1967-01-21,
1967-01-28,
1967-02-04,322.1
1967-02-11,322.2
1967-02-18,322.8
1967-02-25,322.6
1967-03-04,322.9
1967-03-11,322.6
1967-03-18,323.3
1967-03-25,323.2
1967-04-01,323.1
1967-04-08,324.2
1967-04-15,324.4
1967-04-22,324.6
1967-04-29,325.1
1967-05-06,325.2
1967-05-13,324.7
1967-05-20,325.0
1967-05-27,324.9
1967-06-03,324.9
1967-06-10,324.6
1967-06-17,323.3
1967-06-24,323.5
1967-07-01,322.8
1967-07-08,322.8
1967-07-15,322.4
1967-07-22,322.4
1967-07-29,322.0
1967-08-05,321.6
1967-08-12,321.4
1967-08-19,320.4
1967-08-26,320.0
1967-09-02,320.0
1967-09-09,319.4
1967-09-16,319.3
1967-09-23,319.0
1967-09-30,318.8
1967-10-07,318.8
1967-10-14,319.8
1967-10-21,319.4
1967-10-28,319.8
1967-11-04,320.0
1967-11-11,320.3
1967-11-18,320.9
1967-11-25,321.5
1967-12-02,321.4
1967-12-09,321.8
1967-12-16,322.2
1967-12-23,321.9
1967-12-30,322.3
1968-01-06,322.4
1968-01-13,322.5
1968-01-20,322.5
1968-01-27,322.8
1968-02-03,322.6
1968-02-10,323.1
1968-02-17,323.4
1968-02-24,323.1
1968-03-02,323.1
1968-03-09,323.8
1968-03-16,323.8
1968-03-23,324.2
1968-03-30,324.7
1968-04-06,324.7
1968-04-13,325.0
1968-04-20,324.8
1968-04-27,325.4
1968-05-04,325.6
1968-05-11,325.0
1968-05-18,325.5
1968-05-25,325.8
1968-06-01,325.6
1968-06-08,325.7
1968-06-15,325.5
1968-06-22,324.9
1968-06-29,324.6
1968-07-06,324.7
1968-07-13,324.1
1968-07-20,323.9
1968-07-27,323.4
1968-08-03,322.4
1968-08-10,322.2
1968-08-17,322.0
1968-08-24,321.7
1968-08-31,321.4
1968-09-07,320.4
1968-09-14,321.1
1968-09-21,319.7
1968-09-28,319.8
1968-10-05,320.5
1968-10-12,320.5
1968-10-19,320.2
1968-10-26,319.9
1968-11-02,320.7
1968-11-09,320.8
1968-11-16,321.4
1968-11-23,321.7
1968-11-30,322.0
1968-12-07,322.4
1968-12-14,322.9
1968-12-21,323.3
1968-12-28,323.1
1969-01-04,323.3
1969-01-11,324.0
1969-01-18,324.3
1969-01-25,324.1
1969-02-01,324.1
1969-02-08,323.9
1969-02-15,324.3
1969-02-22,324.8
1969-03-01,325.1
1969-03-08,325.5
1969-03-15,325.7
1969-03-22,325.9
1969-03-29,325.8
1969-04-05,326.2
1969-04-12,327.1
1969-04-19,326.5
1969-04-26,326.5
1969-05-03,327.5
1969-05-10,327.8
1969-05-17,326.8
1969-05-24,326.9
1969-05-31,327.4
1969-06-07,326.5
1969-06-14,326.7
1969-06-21,326.7
1969-06-28,326.3
1969-07-05,326.1
1969-07-12,326.0
1969-07-19,325.7
1969-07-26,325.4
1969-08-02,324.5
1969-08-09,324.5
1969-08-16,323.1
1969-08-23,322.5
1969-08-30,323.1
1969-09-06,322.2
1969-09-13,322.7
1969-09-20,322.8
1969-09-27,321.9
1969-10-04,321.5
1969-10-11,321.8
1969-10-18,322.0
1969-10-25,321.9
1969-11-01,322.2
1969-11-08,322.6
1969-11-15,322.7
1969-11-22,323.1
1969-11-29,323.5
1969-12-06,323.9
1969-12-13,323.9
1969-12-20,324.2
1969-12-27,324.5
1970-01-03,324.7
1970-01-10,325.4
1970-01-17,325.0
1970-01-24,324.8
1970-01-31,325.5
1970-02-07,325.7
1970-02-14,326.0
1970-02-21,326.3
1970-02-28,326.1
1970-03-07,326.8
1970-03-14,326.8
1970-03-21,327.5
1970-03-28,326.9
1970-04-04,328.2
1970-04-11,327.8
1970-04-18,327.8
1970-04-25,328.5
1970-05-02,327.9
1970-05-09,327.5
1970-05-16,328.0
1970-05-23,328.3
1970-05-30,327.9
1970-06-06,327.5
1970-06-13,327.8
1970-06-20,327.7
1970-06-27,327.2
1970-07-04,327.2
1970-07-11,326.2
1970-07-18,326.2
1970-07-25,325.6
1970-08-01,325.2
1970-08-08,325.2
1970-08-15,324.8
1970-08-22,324.8
1970-08-29,323.3
1970-09-05,322.9
1970-09-12,323.5
1970-09-19,323.1
1970-09-26,323.1
1970-10-03,323.2
1970-10-10,323.5
1970-10-17,322.9
1970-10-24,323.0
1970-10-31,323.1
1970-11-07,323.6
1970-11-14,323.7
1970-11-21,324.2
1970-11-28,324.7
1970-12-05,324.7
1970-12-12,325.0
1970-12-19,325.2
1970-12-26,325.5
1971-01-02,325.7
1971-01-09,325.8
1971-01-16,325.9
1971-01-23,326.7
1971-01-30,326.6
1971-02-06,326.5
1971-02-13,326.4
1971-02-20,326.7
1971-02-27,327.0
1971-03-06,327.1
1971-03-13,327.3
1971-03-20,327.0
1971-03-27,327.4
1971-04-03,327.4
1971-04-10,327.1
1971-04-17,327.7
1971-04-24,328.5
1971-05-01,328.2
1971-05-08,329.0
1971-05-15,329.2
1971-05-22,328.9
1971-05-29,328.8
1971-06-05,328.5
1971-06-12,328.8
1971-06-19,328.1
1971-06-26,328.5
1971-07-03,327.9
1971-07-10,327.8
1971-07-17,327.5
1971-07-24,326.2
1971-07-31,326.7
1971-08-07,326.1
1971-08-14,325.6
1971-08-21,325.3
1971-08-28,324.0
1971-09-04,323.6
1971-09-11,323.5
1971-09-18,323.2
1971-09-25,323.3
1971-10-02,323.3
1971-10-09,322.9
1971-10-16,323.5
1971-10-23,323.6
1971-10-30,324.4
1971-11-06,324.3
1971-11-13,324.5
1971-11-20,325.0
1971-11-27,325.5
1971-12-04,325.3
1971-12-11,325.9
1971-12-18,326.2
1971-12-25,326.3
1972-01-01,326.6
1972-01-08,326.6
1972-01-15,326.6
1972-01-22,326.6
1972-01-29,327.2
1972-02-05,327.4
1972-02-12,327.9
1972-02-19,327.8
1972-02-26,327.4
1972-03-04,327.5
1972-03-11,327.1
1972-03-18,327.7
1972-03-25,328.6
1972-04-01,328.9
1972-04-08,329.4
1972-04-15,329.8
1972-04-22,330.1
1972-04-29,330.0
1972-05-06,330.0
1972-05-13,329.7
1972-05-20,330.1
1972-05-27,330.2
1972-06-03,329.7
1972-06-10,329.1
1972-06-17,329.0
1972-06-24,328.5
1972-07-01,328.6
1972-07-08,328.3
1972-07-15,327.7
1972-07-22,328.1
1972-07-29,327.5
1972-08-05,326.9
1972-08-12,326.6
1972-08-19,326.5
1972-08-26,325.0
1972-09-02,325.4
1972-09-09,325.7
1972-09-16,324.8
1972-09-23,324.2
1972-09-30,324.2
1972-10-07,324.8
1972-10-14,325.5
1972-10-21,325.1
1972-10-28,325.8
1972-11-04,326.3
1972-11-11,326.1
1972-11-18,326.4
1972-11-25,326.9
1972-12-02,326.9
1972-12-09,327.1
1972-12-16,327.6
1972-12-23,327.9
1972-12-30,328.2
1973-01-06,328.4
1973-01-13,328.4
1973-01-20,328.6
1973-01-27,328.8
1973-02-03,329.1
1973-02-10,329.5
1973-02-17,329.6
1973-02-24,329.7
1973-03-03,329.9
1973-03-10,330.1
1973-03-17,330.5
1973-03-24,330.8
1973-03-31,330.6
1973-04-07,331.2
1973-04-14,331.1
1973-04-21,331.9
1973-04-28,332.1
1973-05-05,332.2
1973-05-12,332.3
1973-05-19,332.6
1973-05-26,332.5
1973-06-02,332.2
1973-06-09,332.5
1973-06-16,332.0
1973-06-23,331.6
1973-06-30,331.4
1973-07-07,331.5
1973-07-14,331.0
1973-07-21,330.0
1973-07-28,330.1
1973-08-04,330.0
1973-08-11,329.5
1973-08-18,329.3
1973-08-25,328.5
1973-09-01,328.4
1973-09-08,327.6
1973-09-15,327.8
1973-09-22,327.1
1973-09-29,326.6
1973-10-06,327.0
1973-10-13,327.4
1973-10-20,327.4
1973-10-27,327.1
1973-11-03,327.5
1973-11-10,328.0
1973-11-17,328.2
1973-11-24,328.5
1973-12-01,329.0
1973-12-08,328.7
1973-12-15,328.6
1973-12-22,328.2
1973-12-29,328.7
1974-01-05,328.9
1974-01-12,329.2
1974-01-19,329.4
1974-01-26,329.8
1974-02-02,330.5
1974-02-09,330.8
1974-02-16,330.6
1974-02-23,330.6
1974-03-02,330.7
1974-03-09,331.2
1974-03-16,332.1
1974-03-23,332.0
1974-03-30,331.5
1974-04-06,332.4
1974-04-13,332.1
1974-04-20,332.9
1974-04-27,333.1
1974-05-04,332.9
1974-05-11,333.0
1974-05-18,333.2
1974-05-25,332.8
1974-06-01,332.9
1974-06-08,332.0
1974-06-15,332.0
1974-06-22,332.2
1974-06-29,331.7
1974-07-06,331.7
1974-07-13,331.2
1974-07-20,330.4
1974-07-27,331.0
1974-08-03,330.0
1974-08-10,329.9
1974-08-17,329.2
1974-08-24,328.9
1974-08-31,328.1
1974-09-07,328.0
1974-09-14,327.3
1974-09-21,326.9
1974-09-28,327.3
1974-10-05,327.3
1974-10-12,327.0
1974-10-19,327.5
1974-10-26,327.7
1974-11-02,327.9
1974-11-09,328.0
1974-11-16,328.8
1974-11-23,328.6
1974-11-30,328.7
1974-12-07,329.5
1974-12-14,329.7
1974-12-21,329.8
1974-12-28,329.7
1975-01-04,329.9
1975-01-11,329.8
1975-01-18,330.2
1975-01-25,331.1
1975-02-01,331.1
1975-02-08,331.4
1975-02-15,331.0
1975-02-22,331.7
1975-03-01,331.8
1975-03-08,331.6
1975-03-15,331.9
1975-03-22,332.2
1975-03-29,332.5
1975-04-05,333.0
1975-04-12,333.5
1975-04-19,333.5
1975-04-26,333.1
1975-05-03,333.9
1975-05-10,333.9
1975-05-17,333.7
1975-05-24,333.7
1975-05-31,334.1
1975-06-07,333.8
1975-06-14,333.3
1975-06-21,333.4
1975-06-28,333.1
1975-07-05,332.7
1975-07-12,332.0
1975-07-19,331.0
1975-07-26,331.5
1975-08-02,330.8
1975-08-09,330.7
1975-08-16,330.3
1975-08-23,329.3
1975-08-30,328.8
1975-09-06,329.4
1975-09-13,328.5
1975-09-20,328.0
1975-09-27,328.2
1975-10-04,328.0
1975-10-11,328.0
1975-10-18,328.5
1975-10-25,328.8
1975-11-01,329.3
1975-11-08,329.2
1975-11-15,329.1
1975-11-22,329.5
1975-11-29,330.1
1975-12-06,330.3
1975-12-13,330.5
1975-12-20,331.1
1975-12-27,331.2
1976-01-03,331.5
1976-01-10,331.5
1976-01-17,331.7
1976-01-24,331.8
1976-01-31,332.2
1976-02-07,332.1
1976-02-14,332.5
1976-02-21,333.2
1976-02-28,332.4
1976-03-06,332.8
1976-03-13,333.6
1976-03-20,333.1
1976-03-27,334.3
1976-04-03,334.7
1976-04-10,334.2
1976-04-17,334.4
1976-04-24,334.5
1976-05-01,334.7
1976-05-08,334.3
1976-05-15,334.6
1976-05-22,335.4
1976-05-29,334.8
1976-06-05,334.3
1976-06-12,334.6
1976-06-19,334.3
1976-06-26,
1976-07-03,333.6
1976-07-10,333.4
1976-07-17,332.8
1976-07-24,332.4
1976-07-31,332.1
1976-08-07,331.7
1976-08-14,330.6
1976-08-21,330.6
1976-08-28,330.0
1976-09-04,329.7
1976-09-11,330.0
1976-09-18,329.3
1976-09-25,328.4
1976-10-02,328.8
1976-10-09,329.0
1976-10-16,329.6
1976-10-23,329.1
1976-10-30,329.0
1976-11-06,329.8
1976-11-13,330.4
1976-11-20,330.5
1976-11-27,330.7
1976-12-04,331.1
1976-12-11,331.3
1976-12-18,331.9
1976-12-25,332.2
1977-01-01,332.5
1977-01-08,332.4
1977-01-15,333.1
1977-01-22,333.2
1977-01-29,333.2
1977-02-05,333.4
1977-02-12,333.3
1977-02-19,333.4
1977-02-26,333.6
1977-03-05,334.1
1977-03-12,334.6
1977-03-19,335.1
1977-03-26,335.0
1977-04-02,335.5
1977-04-09,335.9
1977-04-16,336.0
1977-04-23,336.1
1977-04-30,336.7
1977-05-07,336.8
1977-05-14,336.4
1977-05-21,336.8
1977-05-28,336.7
1977-06-04,336.4
1977-06-11,336.3
1977-06-18,336.1
1977-06-25,336.0
1977-07-02,335.5
1977-07-09,335.1
1977-07-16,335.1
1977-07-23,334.6
1977-07-30,333.7
1977-08-06,333.0
1977-08-13,332.9
1977-08-20,332.8
1977-08-27,332.8
1977-09-03,332.1
1977-09-10,331.2
1977-09-17,332.1
1977-09-24,330.9
1977-10-01,330.4
1977-10-08,330.9
1977-10-15,331.5
1977-10-22,331.5
1977-10-29,331.7
1977-11-05,332.1
1977-11-12,332.0
1977-11-19,332.5
1977-11-26,332.8
1977-12-03,333.2
1977-12-10,333.5
1977-12-17,333.8
1977-12-24,334.2
1977-12-31,334.6
1978-01-07,334.2
1978-01-14,334.6
1978-01-21,335.4
1978-01-28,335.9
1978-02-04,335.0
1978-02-11,335.1
1978-02-18,335.6
1978-02-25,335.7
1978-03-04,336.2
1978-03-11,336.1
1978-03-18,336.8
1978-03-25,337.3
1978-04-01,337.0
1978-04-08,337.9
1978-04-15,337.9
1978-04-22,337.4
1978-04-29,338.0
1978-05-06,338.0
1978-05-13,338.1
1978-05-20,337.8
1978-05-27,337.9
1978-06-03,338.4
1978-06-10,338.2
1978-06-17,337.8
1978-06-24,337.3
1978-07-01,337.6
1978-07-08,336.7
1978-07-15,336.7
1978-07-22,335.9
1978-07-29,335.6
1978-08-05,335.1
1978-08-12,334.8
1978-08-19,334.4
1978-08-26,334.3
1978-09-02,333.8
1978-09-09,332.8
1978-09-16,332.1
1978-09-23,332.3
1978-09-30,332.7
1978-10-07,332.1
1978-10-14,332.4
1978-10-21,333.0
1978-10-28,333.1
1978-11-04,333.5
1978-11-11,333.8
1978-11-18,333.8
1978-11-25,334.2
1978-12-02,334.5
1978-12-09,334.8
1978-12-16,335.1
1978-12-23,335.1
1978-12-30,335.3
1979-01-06,335.3
1979-01-13,335.9
1979-01-20,336.8
1979-01-27,336.9
1979-02-03,336.9
1979-02-10,336.5
1979-02-17,336.7
1979-02-24,336.7
1979-03-03,337.1
1979-03-10,337.7
1979-03-17,337.4
1979-03-24,339.0
1979-03-31,338.8
1979-04-07,338.1
1979-04-14,338.6
1979-04-21,339.2
1979-04-28,339.6
1979-05-05,339.3
1979-05-12,338.8
1979-05-19,339.8
1979-05-26,339.6
1979-06-02,339.9
1979-06-09,339.5
1979-06-16,338.9
1979-06-23,338.9
1979-06-30,339.0
1979-07-07,338.2
1979-07-14,337.8
1979-07-21,337.3
1979-07-28,336.8
1979-08-04,337.0
1979-08-11,336.5
1979-08-18,336.1
1979-08-25,334.5
1979-09-01,334.4
1979-09-08,334.0
1979-09-15,334.2
1979-09-22,333.2
1979-09-29,334.1
1979-10-06,334.1
1979-10-13,333.9
1979-10-20,333.7
1979-10-27,334.1
1979-11-03,334.7
1979-11-10,334.8
1979-11-17,335.5
1979-11-24,335.6
1979-12-01,335.9
1979-12-08,336.5
1979-12-15,336.7
1979-12-22,336.8
1979-12-29,337.4
1980-01-05,337.6
1980-01-12,337.4
1980-01-19,338.3
1980-01-26,338.4
1980-02-02,338.0
1980-02-09,338.1
1980-02-16,338.6
1980-02-23,338.2
1980-03-01,339.3
1980-03-08,339.5
1980-03-15,340.0
1980-03-22,340.5
1980-03-29,341.0
1980-04-05,340.4
1980-04-12,340.9
1980-04-19,340.7
1980-04-26,341.0
1980-05-03,341.5
1980-05-10,341.3
1980-05-17,341.3
1980-05-24,340.9
1980-05-31,341.7
1980-06-07,341.3
1980-06-14,341.3
1980-06-21,340.8
1980-06-28,340.4
1980-07-05,340.4
1980-07-12,339.7
1980-07-19,338.5
1980-07-26,338.9
1980-08-02,337.9
1980-08-09,337.7
1980-08-16,337.7
1980-08-23,337.7
1980-08-30,337.0
1980-09-06,336.6
1980-09-13,335.7
1980-09-20,335.2
1980-09-27,336.0
1980-10-04,335.8
1980-10-11,335.8
1980-10-18,336.1
1980-10-25,336.4
1980-11-01,336.6
1980-11-08,336.9
1980-11-15,337.1
1980-11-22,337.3
1980-11-29,337.4
1980-12-06,337.7
1980-12-13,338.1
1980-12-20,338.3
1980-12-27,338.7
1981-01-03,338.9
1981-01-10,339.1
1981-01-17,339.3
1981-01-24,339.3
1981-01-31,339.5
1981-02-07,340.5
1981-02-14,340.0
1981-02-21,340.2
1981-02-28,341.1
1981-03-07,340.7
1981-03-14,341.0
1981-03-21,341.8
1981-03-28,342.1
1981-04-04,342.4
1981-04-11,342.4
1981-04-18,342.7
1981-04-25,342.3
1981-05-02,342.9
1981-05-09,343.0
1981-05-16,342.8
1981-05-23,342.7
1981-05-30,342.7
1981-06-06,342.6
1981-06-13,342.5
1981-06-20,341.8
1981-06-27,341.6
1981-07-04,341.0
1981-07-11,340.8
1981-07-18,339.7
1981-07-25,340.2
1981-08-01,339.5
1981-08-08,338.9
1981-08-15,338.4
1981-08-22,337.5
1981-08-29,337.7
1981-09-05,337.2
1981-09-12,337.0
1981-09-19,336.7
1981-09-26,335.9
1981-10-03,336.3
1981-10-10,336.6
1981-10-17,337.1
1981-10-24,337.2
1981-10-31,337.5
1981-11-07,337.8
1981-11-14,338.1
1981-11-21,338.5
1981-11-28,339.3
1981-12-05,339.2
1981-12-12,339.4
1981-12-19,339.6
1981-12-26,340.2
1982-01-02,340.2
1982-01-09,340.3
1982-01-16,340.7
1982-01-23,341.1
1982-01-30,341.2
1982-02-06,341.9
1982-02-13,341.1
1982-02-20,341.1
1982-02-27,342.1
1982-03-06,342.6
1982-03-13,342.6
1982-03-20,342.7
1982-03-27,342.8
1982-04-03,342.9
1982-04-10,343.3
1982-04-17,343.5
1982-04-24,344.2
1982-05-01,343.8
1982-05-08,343.6
1982-05-15,344.2
1982-05-22,344.1
1982-05-29,344.1
1982-06-05,343.4
1982-06-12,343.5
1982-06-19,343.4
1982-06-26,342.9
1982-07-03,342.5
1982-07-10,342.0
1982-07-17,342.0
1982-07-24,341.8
1982-07-31,341.3
1982-08-07,340.5
1982-08-14,340.0
1982-08-21,339.7
1982-08-28,338.3
1982-09-04,338.8
1982-09-11,338.6
1982-09-18,337.8
1982-09-25,336.9
1982-10-02,337.3
1982-10-09,338.0
1982-10-16,337.6
1982-10-23,337.9
1982-10-30,338.7
1982-11-06,338.4
1982-11-13,339.2
1982-11-20,339.7
1982-11-27,339.8
1982-12-04,339.8
1982-12-11,340.4
1982-12-18,340.7
1982-12-25,340.8
1983-01-01,340.9
1983-01-08,341.4
1983-01-15,341.5
1983-01-22,341.2
1983-01-29,341.7
1983-02-05,342.0
1983-02-12,342.7
1983-02-19,342.5
1983-02-26,342.8
1983-03-05,342.3
1983-03-12,342.5
1983-03-19,344.0
1983-03-26,343.8
1983-04-02,344.0
1983-04-09,344.8
1983-04-16,345.0
1983-04-23,345.3
1983-04-30,345.4
1983-05-07,345.4
1983-05-14,345.7
1983-05-21,345.8
1983-05-28,345.7
1983-06-04,345.6
1983-06-11,345.6
1983-06-18,345.0
1983-06-25,344.9
1983-07-02,344.7
1983-07-09,344.5
1983-07-16,343.7
1983-07-23,343.6
1983-07-30,342.6
1983-08-06,343.0
1983-08-13,341.7
1983-08-20,342.1
1983-08-27,341.8
1983-09-03,339.9
1983-09-10,339.9
1983-09-17,339.8
1983-09-24,339.9
1983-10-01,339.8
1983-10-08,339.7
1983-10-15,340.1
1983-10-22,340.2
1983-10-29,340.3
1983-11-05,340.8
1983-11-12,341.0
1983-11-19,341.1
1983-11-26,341.7
1983-12-03,341.8
1983-12-10,342.8
1983-12-17,343.3
1983-12-24,343.6
1983-12-31,343.4
1984-01-07,343.7
1984-01-14,343.4
1984-01-21,343.5
1984-01-28,344.1
1984-02-04,344.3
1984-02-11,344.5
1984-02-18,344.3
1984-02-25,344.6
1984-03-03,344.8
1984-03-10,344.9
1984-03-17,345.4
1984-03-24,345.6
1984-03-31,
1984-04-07,
1984-04-14,
1984-04-21,
1984-04-28,347.4
1984-05-05,347.4
1984-05-12,347.7
1984-05-19,347.3
1984-05-26,347.0
1984-06-02,347.0
1984-06-09,347.0
1984-06-16,346.8
1984-06-23,346.3
1984-06-30,346.2
1984-07-07,345.8
1984-07-14,345.4
1984-07-21,345.2
1984-07-28,344.4
1984-08-04,344.0
1984-08-11,344.1
1984-08-18,343.1
1984-08-25,342.0
1984-09-01,341.6
1984-09-08,340.6
1984-09-15,341.3
1984-09-22,341.3
1984-09-29,340.8
1984-10-06,341.1
1984-10-13,341.3
1984-10-20,341.9
1984-10-27,341.6
1984-11-03,342.0
1984-11-10,342.6
1984-11-17,343.1
1984-11-24,343.7
1984-12-01,343.6
1984-12-08,343.9
1984-12-15,344.2
1984-12-22,344.5
1984-12-29,344.5
1985-01-05,344.7
1985-01-12,345.0
1985-01-19,345.0
1985-01-26,345.0
1985-02-02,345.9
1985-02-09,345.5
1985-02-16,345.8
1985-02-23,346.3
1985-03-02,346.7
1985-03-09,347.1
1985-03-16,347.5
1985-03-23,347.7
1985-03-30,348.2
1985-04-06,348.0
1985-04-13,348.0
1985-04-20,348.5
1985-04-27,348.8
1985-05-04,348.8
1985-05-11,349.3
1985-05-18,349.1
1985-05-25,348.1
1985-06-01,349.0
1985-06-08,348.4
1985-06-15,348.2
1985-06-22,347.9
1985-06-29,347.4
1985-07-06,346.9
1985-07-13,346.8
1985-07-20,346.4
1985-07-27,345.7
1985-08-03,
1985-08-10,344.7
1985-08-17,344.5
1985-08-24,344.3
1985-08-31,343.7
1985-09-07,344.2
1985-09-14,343.3
1985-09-21,342.4
1985-09-28,342.1
1985-10-05,342.4
1985-10-12,342.5
1985-10-19,343.1
1985-10-26,343.2
1985-11-02,343.3
1985-11-09,343.7
1985-11-16,344.2
1985-11-23,344.6
1985-11-30,345.3
1985-12-07,345.3
1985-12-14,345.6
1985-12-21,345.1
1985-12-28,346.3
1986-01-04,346.4
1986-01-11,346.0
1986-01-18,346.2
1986-01-25,346.4
1986-02-01,346.2
1986-02-08,346.8
1986-02-15,347.1
1986-02-22,347.2
1986-03-01,347.0
1986-03-08,346.6
1986-03-15,347.2
1986-03-22,349.1
1986-03-29,348.8
1986-04-05,349.2
1986-04-12,349.4
1986-04-19,349.3
1986-04-26,350.2
1986-05-03,349.9
1986-05-10,350.1
1986-05-17,350.2
1986-05-24,350.1
1986-05-31,350.1
1986-06-07,349.7
1986-06-14,349.5
1986-06-21,349.4
1986-06-28,348.9
1986-07-05,348.6
1986-07-12,347.7
1986-07-19,347.6
1986-07-26,347.4
1986-08-02,346.6
1986-08-09,346.2
1986-08-16,345.5
1986-08-23,345.6
1986-08-30,345.2
1986-09-06,345.0
1986-09-13,345.3
1986-09-20,344.4
1986-09-27,344.5
1986-10-04,343.9
1986-10-11,344.1
1986-10-18,343.9
1986-10-25,344.5
1986-11-01,345.1
1986-11-08,345.3
1986-11-15,345.6
1986-11-22,345.7
1986-11-29,346.4
1986-12-06,346.9
1986-12-13,346.7
1986-12-20,346.9
1986-12-27,347.0
1987-01-03,347.6
1987-01-10,348.3
1987-01-17,348.2
1987-01-24,347.9
1987-01-31,348.0
1987-02-07,347.9
1987-02-14,348.2
1987-02-21,348.5
1987-02-28,349.4
1987-03-07,348.8
1987-03-14,349.2
1987-03-21,349.7
1987-03-28,350.2
1987-04-04,350.8
1987-04-11,350.2
1987-04-18,351.1
1987-04-25,351.3
1987-05-02,351.4
1987-05-09,352.0
1987-05-16,351.7
1987-05-23,351.9
1987-05-30,351.7
1987-06-06,351.6
1987-06-13,351.1
1987-06-20,351.0
1987-06-27,350.9
1987-07-04,349.7
1987-07-11,349.8
1987-07-18,348.8
1987-07-25,349.5
1987-08-01,349.0
1987-08-08,348.1
1987-08-15,348.6
1987-08-22,348.0
1987-08-29,346.7
1987-09-05,347.0
1987-09-12,346.6
1987-09-19,346.2
1987-09-26,345.8
1987-10-03,345.7
1987-10-10,346.3
1987-10-17,346.5
1987-10-24,346.8
1987-10-31,346.9
1987-11-07,347.3
1987-11-14,347.6
1987-11-21,348.1
1987-11-28,348.7
1987-12-05,348.6
1987-12-12,348.8
1987-12-19,349.1
1987-12-26,349.2
1988-01-02,349.7
1988-01-09,350.2
1988-01-16,350.2
1988-01-23,350.7
1988-01-30,351.2
1988-02-06,351.8
1988-02-13,351.3
1988-02-20,351.5
1988-02-27,352.5
1988-03-05,352.8
1988-03-12,351.8
1988-03-19,351.7
1988-03-26,352.2
1988-04-02,353.1
1988-04-09,353.5
1988-04-16,353.1
1988-04-23,354.0
1988-04-30,354.2
1988-05-07,353.7
1988-05-14,354.3
1988-05-21,354.5
1988-05-28,354.2
1988-06-04,354.1
1988-06-11,354.2
1988-06-18,353.6
1988-06-25,353.1
1988-07-02,353.0
1988-07-09,352.5
1988-07-16,352.6
1988-07-23,351.9
1988-07-30,351.1
1988-08-06,350.9
1988-08-13,350.3
1988-08-20,350.4
1988-08-27,349.6
1988-09-03,349.3
1988-09-10,348.7
1988-09-17,348.9
1988-09-24,348.1
1988-10-01,348.8
1988-10-08,348.8
1988-10-15,348.6
1988-10-22,349.4
1988-10-29,349.2
1988-11-05,349.7
1988-11-12,349.8
1988-11-19,350.1
1988-11-26,350.4
1988-12-03,350.5
1988-12-10,351.0
1988-12-17,351.6
1988-12-24,351.3
1988-12-31,352.4
1989-01-07,352.7
1989-01-14,352.9
1989-01-21,352.5
1989-01-28,353.0
1989-02-04,352.8
1989-02-11,352.6
1989-02-18,353.2
1989-02-25,353.4
1989-03-04,353.1
1989-03-11,353.4
1989-03-18,353.5
1989-03-25,354.4
1989-04-01,354.5
1989-04-08,355.0
1989-04-15,355.4
1989-04-22,356.0
1989-04-29,355.9
1989-05-06,355.3
1989-05-13,355.8
1989-05-20,355.6
1989-05-27,355.7
1989-06-03,355.8
1989-06-10,355.0
1989-06-17,354.8
1989-06-24,354.9
1989-07-01,354.5
1989-07-08,354.7
1989-07-15,353.8
1989-07-22,353.1
1989-07-29,353.2
1989-08-05,352.6
1989-08-12,352.2
1989-08-19,351.1
1989-08-26,350.4
1989-09-02,350.7
1989-09-09,350.2
1989-09-16,349.4
1989-09-23,349.3
1989-09-30,349.7
1989-10-07,349.9
1989-10-14,349.7
1989-10-21,350.2
1989-10-28,350.4
1989-11-04,350.6
1989-11-11,351.2
1989-11-18,351.6
1989-11-25,351.4
1989-12-02,352.0
1989-12-09,352.1
1989-12-16,352.4
1989-12-23,352.5
1989-12-30,353.4
1990-01-06,353.4
1990-01-13,353.5
1990-01-20,353.8
1990-01-27,353.9
1990-02-03,354.1
1990-02-10,355.0
1990-02-17,354.8
1990-02-24,354.7
1990-03-03,355.7
1990-03-10,354.9
1990-03-17,355.8
1990-03-24,355.1
1990-03-31,355.9
1990-04-07,356.1
1990-04-14,355.9
1990-04-21,356.6
1990-04-28,356.1
1990-05-05,357.3
1990-05-12,357.0
1990-05-19,356.9
1990-05-26,357.1
1990-06-02,357.0
1990-06-09,356.6
1990-06-16,355.6
1990-06-23,355.5
1990-06-30,355.7
1990-07-07,355.5
1990-07-14,354.0
1990-07-21,354.5
1990-07-28,354.7
1990-08-04,353.5
1990-08-11,353.2
1990-08-18,352.9
1990-08-25,352.0
1990-09-01,350.9
1990-09-08,350.7
1990-09-15,351.3
1990-09-22,350.9
1990-09-29,350.9
1990-10-06,351.1
1990-10-13,351.0
1990-10-20,351.4
1990-10-27,351.4
1990-11-03,352.1
1990-11-10,352.6
1990-11-17,353.0
1990-11-24,353.1
1990-12-01,353.6
1990-12-08,354.0
1990-12-15,353.8
1990-12-22,354.5
1990-12-29,354.8
1991-01-05,354.2
1991-01-12,354.7
1991-01-19,354.8
1991-01-26,355.0
1991-02-02,355.2
1991-02-09,355.2
1991-02-16,356.4
1991-02-23,355.8
1991-03-02,356.4
1991-03-09,357.2
1991-03-16,357.6
1991-03-23,356.9
1991-03-30,357.9
1991-04-06,358.3
1991-04-13,357.8
1991-04-20,359.1
1991-04-27,359.2
1991-05-04,359.1
1991-05-11,358.9
1991-05-18,360.0
1991-05-25,359.0
1991-06-01,358.5
1991-06-08,358.4
1991-06-15,358.2
1991-06-22,358.1
1991-06-29,357.7
1991-07-06,357.2
1991-07-13,356.5
1991-07-20,355.2
1991-07-27,355.3
1991-08-03,354.8
1991-08-10,354.6
1991-08-17,353.7
1991-08-24,353.0
1991-08-31,353.2
1991-09-07,353.0
1991-09-14,352.1
1991-09-21,351.8
1991-09-28,351.6
1991-10-05,351.7
1991-10-12,352.1
1991-10-19,352.5
1991-10-26,352.7
1991-11-02,353.4
1991-11-09,353.7
1991-11-16,353.5
1991-11-23,353.8
1991-11-30,354.3
1991-12-07,354.5
1991-12-14,354.9
1991-12-21,355.2
1991-12-28,355.5
1992-01-04,355.6
1992-01-11,356.0
1992-01-18,356.1
1992-01-25,355.9
1992-02-01,356.0
1992-02-08,356.7
1992-02-15,357.3
1992-02-22,356.9
1992-02-29,356.5
1992-03-07,357.3
1992-03-14,357.8
1992-03-21,358.1
1992-03-28,358.4
1992-04-04,358.5
1992-04-11,358.9
1992-04-18,359.7
1992-04-25,359.2
1992-05-02,359.6
1992-05-09,359.7
1992-05-16,358.6
1992-05-23,359.6
1992-05-30,360.2
1992-06-06,360.0
1992-06-13,359.4
1992-06-20,358.7
1992-06-27,358.4
1992-07-04,358.4
1992-07-11,357.2
1992-07-18,356.3
1992-07-25,356.1
1992-08-01,354.9
1992-08-08,355.3
1992-08-15,355.3
1992-08-22,354.5
1992-08-29,354.3
1992-09-05,353.5
1992-09-12,353.6
1992-09-19,352.3
1992-09-26,352.7
1992-10-03,353.6
1992-10-10,353.3
1992-10-17,353.2
1992-10-24,353.5
1992-10-31,353.5
1992-11-07,353.9
1992-11-14,353.8
1992-11-21,354.5
1992-11-28,354.6
1992-12-05,354.8
1992-12-12,355.3
1992-12-19,355.4
1992-12-26,355.9
1993-01-02,356.2
1993-01-09,356.9
1993-01-16,356.7
1993-01-23,356.6
1993-01-30,357.0
1993-02-06,356.6
1993-02-13,357.2
1993-02-20,357.3
1993-02-27,357.6
1993-03-06,358.3
1993-03-13,358.5
1993-03-20,358.1
1993-03-27,358.8
1993-04-03,359.1
1993-04-10,358.8
1993-04-17,359.4
1993-04-24,360.0
1993-05-01,359.6
1993-05-08,359.7
1993-05-15,360.7
1993-05-22,360.6
1993-05-29,360.3
1993-06-05,359.7
1993-06-12,359.9
1993-06-19,359.3
1993-06-26,359.1
1993-07-03,357.9
1993-07-10,358.0
1993-07-17,358.1
1993-07-24,356.6
1993-07-31,356.5
1993-08-07,355.8
1993-08-14,355.9
1993-08-21,354.9
1993-08-28,354.7
1993-09-04,354.3
1993-09-11,353.2
1993-09-18,353.8
1993-09-25,353.8
1993-10-02,353.8
1993-10-09,353.8
1993-10-16,354.0
1993-10-23,354.4
1993-10-30,354.3
1993-11-06,354.7
1993-11-13,355.1
1993-11-20,355.6
1993-11-27,356.0
1993-12-04,356.2
1993-12-11,356.5
1993-12-18,356.9
1993-12-25,357.5
1994-01-01,358.1
1994-01-08,358.1
1994-01-15,358.4
1994-01-22,358.3
1994-01-29,358.7
1994-02-05,358.4
1994-02-12,358.6
1994-02-19,359.0
1994-02-26,359.6
1994-03-05,358.7
1994-03-12,359.8
1994-03-19,360.4
1994-03-26,360.8
1994-04-02,360.6
1994-04-09,361.0
1994-04-16,361.0
1994-04-23,361.3
1994-04-30,362.2
1994-05-07,361.6
1994-05-14,361.4
1994-05-21,361.7
1994-05-28,361.9
1994-06-04,361.0
1994-06-11,361.0
1994-06-18,360.9
1994-06-25,360.7
1994-07-02,360.2
1994-07-09,359.9
1994-07-16,359.4
1994-07-23,359.0
1994-07-30,358.8
1994-08-06,358.1
1994-08-13,357.5
1994-08-20,357.6
1994-08-27,356.3
1994-09-03,356.4
1994-09-10,356.4
1994-09-17,355.4
1994-09-24,355.5
1994-10-01,355.4
1994-10-08,355.8
1994-10-15,356.0
1994-10-22,356.3
1994-10-29,356.6
1994-11-05,356.9
1994-11-12,357.4
1994-11-19,357.9
1994-11-26,358.1
1994-12-03,358.4
1994-12-10,359.1
1994-12-17,359.2
1994-12-24,359.1
1994-12-31,359.5
1995-01-07,359.6
1995-01-14,360.2
1995-01-21,360.1
1995-01-28,360.0
1995-02-04,360.6
1995-02-11,361.0
1995-02-18,360.8
1995-02-25,361.3
1995-03-04,362.2
1995-03-11,361.2
1995-03-18,360.9
1995-03-25,362.0
1995-04-01,363.8
1995-04-08,363.4
1995-04-15,363.3
1995-04-22,362.8
1995-04-29,363.5
1995-05-06,363.2
1995-05-13,364.1
1995-05-20,364.1
1995-05-27,363.4
1995-06-03,363.9
1995-06-10,363.4
1995-06-17,362.9
1995-06-24,362.8
1995-07-01,362.5
1995-07-08,362.2
1995-07-15,361.9
1995-07-22,361.5
1995-07-29,360.9
1995-08-05,360.4
1995-08-12,359.2
1995-08-19,358.7
1995-08-26,359.2
1995-09-02,357.3
1995-09-09,358.5
1995-09-16,358.5
1995-09-23,358.2
1995-09-30,357.5
1995-10-07,357.6
1995-10-14,357.6
1995-10-21,358.0
1995-10-28,358.2
1995-11-04,359.1
1995-11-11,359.4
1995-11-18,359.6
1995-11-25,359.8
1995-12-02,360.1
1995-12-09,360.4
1995-12-16,360.5
1995-12-23,360.8
1995-12-30,361.7
1996-01-06,361.8
1996-01-13,362.0
1996-01-20,362.1
1996-01-27,362.2
1996-02-03,362.6
1996-02-10,363.1
1996-02-17,363.0
1996-02-24,364.0
1996-03-02,363.8
1996-03-09,363.6
1996-03-16,364.1
1996-03-23,364.5
1996-03-30,364.3
1996-04-06,364.5
1996-04-13,364.8
1996-04-20,364.4
1996-04-27,365.1
1996-05-04,364.9
1996-05-11,365.3
1996-05-18,365.7
1996-05-25,365.4
1996-06-01,364.8
1996-06-08,365.1
1996-06-15,365.2
1996-06-22,365.0
1996-06-29,364.3
1996-07-06,364.1
1996-07-13,363.7
1996-07-20,363.3
1996-07-27,362.8
1996-08-03,361.7
1996-08-10,362.1
1996-08-17,361.2
1996-08-24,360.8
1996-08-31,360.8
1996-09-07,359.8
1996-09-14,359.8
1996-09-21,359.0
1996-09-28,359.0
1996-10-05,359.4
1996-10-12,359.5
1996-10-19,359.8
1996-10-26,359.8
1996-11-02,359.9
1996-11-09,360.5
1996-11-16,360.7
1996-11-23,361.2
1996-11-30,361.4
1996-12-07,361.9
1996-12-14,362.6
1996-12-21,362.4
1996-12-28,362.6
1997-01-04,362.9
1997-01-11,363.0
1997-01-18,363.1
1997-01-25,363.5
1997-02-01,363.2
1997-02-08,364.1
1997-02-15,364.0
1997-02-22,364.2
1997-03-01,364.5
1997-03-08,364.1
1997-03-15,364.1
1997-03-22,364.7
1997-03-29,365.4
1997-04-05,365.8
1997-04-12,366.2
1997-04-19,366.6
1997-04-26,366.7
1997-05-03,366.7
1997-05-10,366.8
1997-05-17,367.0
1997-05-24,366.6
1997-05-31,366.3
1997-06-07,365.7
1997-06-14,365.6
1997-06-21,365.5
1997-06-28,365.1
1997-07-05,365.0
1997-07-12,364.6
1997-07-19,364.1
1997-07-26,363.8
1997-08-02,363.3
1997-08-09,363.3
1997-08-16,362.6
1997-08-23,361.5
1997-08-30,361.6
1997-09-06,360.6
1997-09-13,360.2
1997-09-20,360.0
1997-09-27,359.8
1997-10-04,360.5
1997-10-11,360.4
1997-10-18,361.0
1997-10-25,361.1
1997-11-01,361.7
1997-11-08,362.1
1997-11-15,362.0
1997-11-22,362.6
1997-11-29,363.5
1997-12-06,363.9
1997-12-13,363.9
1997-12-20,364.2
1997-12-27,365.0
1998-01-03,365.2
1998-01-10,365.3
1998-01-17,365.3
1998-01-24,365.3
1998-01-31,365.6
1998-02-07,366.0
1998-02-14,365.5
1998-02-21,366.0
1998-02-28,367.3
1998-03-07,367.0
1998-03-14,366.6
1998-03-21,367.4
1998-03-28,368.5
1998-04-04,368.6
1998-04-11,368.6
1998-04-18,368.0
1998-04-25,368.9
1998-05-02,369.1
1998-05-09,368.8
1998-05-16,368.5
1998-05-23,369.6
1998-05-30,369.7
1998-06-06,369.4
1998-06-13,368.8
1998-06-20,368.5
1998-06-27,368.3
1998-07-04,368.0
1998-07-11,367.5
1998-07-18,367.6
1998-07-25,367.3
1998-08-01,366.8
1998-08-08,366.4
1998-08-15,365.6
1998-08-22,365.6
1998-08-29,364.2
1998-09-05,364.7
1998-09-12,363.9
1998-09-19,363.5
1998-09-26,363.6
1998-10-03,364.0
1998-10-10,364.1
1998-10-17,364.4
1998-10-24,364.4
1998-10-31,364.7
1998-11-07,365.0
1998-11-14,365.4
1998-11-21,365.8
1998-11-28,366.0
1998-12-05,366.4
1998-12-12,366.7
1998-12-19,367.3
1998-12-26,367.3
1999-01-02,367.5
1999-01-09,367.8
1999-01-16,367.8
1999-01-23,368.3
1999-01-30,369.2
1999-02-06,369.1
1999-02-13,368.8
1999-02-20,369.0
1999-02-27,368.5
1999-03-06,368.1
1999-03-13,369.5
1999-03-20,370.2
1999-03-27,370.6
1999-04-03,371.1
1999-04-10,371.5
1999-04-17,371.0
1999-04-24,370.3
1999-05-01,370.8
1999-05-08,371.3
1999-05-15,371.0
1999-05-22,370.8
1999-05-29,370.3
1999-06-05,370.9
1999-06-12,370.3
1999-06-19,369.9
1999-06-26,369.9
1999-07-03,369.4
1999-07-10,370.1
1999-07-17,369.5
1999-07-24,368.6
1999-07-31,367.4
1999-08-07,367.6
1999-08-14,366.7
1999-08-21,366.4
1999-08-28,366.1
1999-09-04,364.1
1999-09-11,364.7
1999-09-18,365.2
1999-09-25,364.7
1999-10-02,364.5
1999-10-09,365.0
1999-10-16,364.9
1999-10-23,365.6
1999-10-30,365.7
1999-11-06,366.2
1999-11-13,366.7
1999-11-20,366.6
1999-11-27,367.1
1999-12-04,367.4
1999-12-11,368.0
1999-12-18,368.0
1999-12-25,368.2
2000-01-01,368.6
2000-01-08,368.5
2000-01-15,369.0
2000-01-22,369.8
2000-01-29,369.2
2000-02-05,369.1
2000-02-12,369.6
2000-02-19,369.3
2000-02-26,369.5
2000-03-04,370.0
2000-03-11,370.0
2000-03-18,370.9
2000-03-25,370.7
2000-04-01,370.9
2000-04-08,371.7
2000-04-15,371.8
2000-04-22,372.0
2000-04-29,371.3
2000-05-06,371.2
2000-05-13,371.7
2000-05-20,371.9
2000-05-27,371.8
2000-06-03,371.9
2000-06-10,371.6
2000-06-17,371.7
2000-06-24,371.3
2000-07-01,370.8
2000-07-08,370.0
2000-07-15,370.2
2000-07-22,369.7
2000-07-29,369.0
2000-08-05,368.7
2000-08-12,368.3
2000-08-19,367.7
2000-08-26,367.1
2000-09-02,367.2
2000-09-09,366.7
2000-09-16,366.2
2000-09-23,366.2
2000-09-30,366.4
2000-10-07,366.3
2000-10-14,366.6
2000-10-21,366.7
2000-10-28,367.3
2000-11-04,367.6
2000-11-11,368.0
2000-11-18,368.6
2000-11-25,368.3
2000-12-02,369.0
2000-12-09,369.6
2000-12-16,369.3
2000-12-23,369.5
2000-12-30,369.8
2001-01-06,369.8
2001-01-13,370.2
2001-01-20,369.9
2001-01-27,370.8
2001-02-03,371.3
2001-02-10,371.1
2001-02-17,371.7
2001-02-24,371.2
2001-03-03,372.2
2001-03-10,372.2
2001-03-17,372.1
2001-03-24,371.8
2001-03-31,372.0
2001-04-07,372.7
2001-04-14,372.7
2001-04-21,373.0
2001-04-28,372.7
2001-05-05,373.7
2001-05-12,373.9
2001-05-19,373.7
2001-05-26,373.9
2001-06-02,373.8
2001-06-09,373.1
2001-06-16,372.8
2001-06-23,372.9
2001-06-30,372.7
2001-07-07,372.1
2001-07-14,371.3
2001-07-21,371.2
2001-07-28,370.6
2001-08-04,369.9
2001-08-11,369.5
2001-08-18,369.3
2001-08-25,369.0
2001-09-01,368.4
2001-09-08,368.2
2001-09-15,368.0
2001-09-22,367.4
2001-09-29,367.4
2001-10-06,367.8
2001-10-13,367.6
2001-10-20,368.1
2001-10-27,368.7
2001-11-03,368.7
2001-11-10,368.8
2001-11-17,369.7
2001-11-24,370.3
2001-12-01,370.3
2001-12-08,370.8
2001-12-15,371.2
2001-12-22,371.3
2001-12-29,371.5
