Date,Symbol,High,Low,Open,Close,Volume
2019-01-01,sbin.ns,300.70001220703125,293.8500061035156,297.5,299.6000061035156,11837127.0
2019-01-02,sbin.ns,302.5,293.1000061035156,299.1000061035156,293.8999938964844,25559853.0
2019-01-03,sbin.ns,295.54998779296875,290.1000061035156,295.0,291.1000061035156,17548347.0
2019-01-04,sbin.ns,299.0,291.5,292.1000061035156,297.6499938964844,19514041.0
2019-01-07,sbin.ns,301.5,295.20001220703125,301.04998779296875,296.29998779296875,14579399.0
2019-01-08,sbin.ns,306.0,294.75,295.79998779296875,305.29998779296875,22949961.0
2019-01-09,sbin.ns,307.1000061035156,300.75,306.0,305.29998779296875,21109911.0
2019-01-10,sbin.ns,307.5,303.5,305.1000061035156,305.54998779296875,16295468.0
2019-01-11,sbin.ns,306.20001220703125,300.95001220703125,305.3999938964844,302.75,12702551.0
2019-01-14,sbin.ns,303.6000061035156,299.54998779296875,301.0,300.3999938964844,10372933.0
2019-01-15,sbin.ns,303.6000061035156,301.1000061035156,302.0,301.6499938964844,9444374.0
2019-01-16,sbin.ns,306.6499938964844,302.1000061035156,303.0,303.1499938964844,12111480.0
2019-01-17,sbin.ns,304.3500061035156,295.6000061035156,303.8999938964844,297.3999938964844,15974634.0
2019-01-18,sbin.ns,299.8500061035156,294.25,298.75,294.95001220703125,9082501.0
2019-01-21,sbin.ns,296.75,291.45001220703125,295.8999938964844,292.45001220703125,10188647.0
2019-01-22,sbin.ns,293.0,288.20001220703125,293.0,290.25,11297989.0
2019-01-23,sbin.ns,292.95001220703125,285.5,290.45001220703125,286.6499938964844,10304608.0
2019-01-24,sbin.ns,289.8999938964844,285.5,286.6499938964844,288.04998779296875,11532528.0
2019-01-25,sbin.ns,291.0,283.20001220703125,289.6000061035156,285.3999938964844,11121223.0
2019-01-28,sbin.ns,286.6000061035156,277.29998779296875,285.6499938964844,281.6000061035156,18905470.0
2019-01-29,sbin.ns,286.0,276.54998779296875,281.0,280.6000061035156,17435611.0
2019-01-30,sbin.ns,289.3999938964844,280.25,281.20001220703125,287.45001220703125,18908654.0
2019-01-31,sbin.ns,294.79998779296875,288.0,290.0,293.6499938964844,25546487.0
2019-02-01,sbin.ns,302.70001220703125,282.0,296.8999938964844,284.3999938964844,60015958.0
2019-02-04,sbin.ns,285.20001220703125,277.8500061035156,282.3999938964844,283.95001220703125,20642919.0
2019-02-05,sbin.ns,287.0,283.0,284.20001220703125,284.6499938964844,13291133.0
2019-02-06,sbin.ns,289.75,283.5,285.8500061035156,289.04998779296875,12149759.0
2019-02-07,sbin.ns,294.0,286.6000061035156,289.3999938964844,287.3999938964844,19733315.0
2019-02-08,sbin.ns,288.0,282.20001220703125,285.6000061035156,286.0,19781908.0
2019-02-11,sbin.ns,285.95001220703125,280.0,285.95001220703125,280.5,15420017.0
2019-02-12,sbin.ns,282.20001220703125,274.6499938964844,280.6499938964844,275.3999938964844,15326106.0
2019-02-14,sbin.ns,268.3500061035156,263.6499938964844,268.0,267.1000061035156,26372671.0
2019-02-15,sbin.ns,268.8500061035156,261.29998779296875,268.8500061035156,262.95001220703125,23366091.0
2019-02-18,sbin.ns,265.5,258.79998779296875,264.3999938964844,259.95001220703125,14781744.0
2019-02-19,sbin.ns,267.5,260.29998779296875,260.8999938964844,262.8999938964844,19064306.0
2019-02-20,sbin.ns,268.29998779296875,264.29998779296875,264.5,267.70001220703125,15514595.0
2019-02-21,sbin.ns,271.0,267.29998779296875,270.29998779296875,268.0,13760702.0
2019-02-22,sbin.ns,271.8999938964844,267.6000061035156,267.8999938964844,270.95001220703125,12536918.0
2019-02-25,sbin.ns,271.3999938964844,267.8999938964844,271.29998779296875,270.1499938964844,20793897.0
2019-02-26,sbin.ns,268.20001220703125,263.25,266.79998779296875,266.3500061035156,15274303.0
2019-02-27,sbin.ns,272.70001220703125,266.54998779296875,268.0,267.6499938964844,20571652.0
2019-02-28,sbin.ns,270.79998779296875,267.6499938964844,267.70001220703125,269.04998779296875,31636468.0
2019-03-01,sbin.ns,274.6000061035156,270.1000061035156,270.54998779296875,272.95001220703125,20024726.0
2019-03-05,sbin.ns,277.8500061035156,271.20001220703125,271.70001220703125,276.45001220703125,21533972.0
2019-03-06,sbin.ns,282.54998779296875,276.45001220703125,277.29998779296875,278.1000061035156,22161376.0
2019-03-07,sbin.ns,282.5,277.6499938964844,279.45001220703125,281.75,14899105.0
2019-03-08,sbin.ns,284.25,279.6000061035156,281.8500061035156,281.20001220703125,19943319.0
2019-03-11,sbin.ns,289.0,283.5,285.29998779296875,287.3500061035156,22931245.0
2019-03-12,sbin.ns,289.8999938964844,285.75,289.20001220703125,286.8999938964844,20828136.0
2019-03-13,sbin.ns,294.3999938964844,284.70001220703125,288.1000061035156,293.1499938964844,23725641.0
2019-03-14,sbin.ns,294.70001220703125,290.75,294.5,291.8999938964844,16164017.0
2019-03-15,sbin.ns,301.29998779296875,292.5,292.6000061035156,298.3999938964844,37928480.0
2019-03-18,sbin.ns,300.8999938964844,294.6499938964844,298.8999938964844,298.95001220703125,23782967.0
2019-03-19,sbin.ns,306.6000061035156,299.1499938964844,300.1499938964844,303.04998779296875,27218691.0
2019-03-20,sbin.ns,304.6499938964844,300.04998779296875,302.79998779296875,303.79998779296875,18820555.0
2019-03-22,sbin.ns,306.3999938964844,296.95001220703125,304.29998779296875,298.04998779296875,17865957.0
2019-03-25,sbin.ns,295.45001220703125,292.20001220703125,294.0,294.0,16895511.0
2019-03-26,sbin.ns,305.0,294.75,294.75,303.5,18303791.0
2019-03-27,sbin.ns,310.8500061035156,304.3500061035156,305.25,308.79998779296875,35956450.0
2019-03-28,sbin.ns,339.6499938964844,309.04998779296875,310.1000061035156,319.0,63244736.0
2019-04-01,sbin.ns,327.6499938964844,321.04998779296875,321.79998779296875,322.75,22372357.0
2019-04-02,sbin.ns,331.0,322.1000061035156,323.6499938964844,329.0,27897583.0
2019-04-03,sbin.ns,332.45001220703125,319.5,331.0,320.5,30552104.0
2019-04-04,sbin.ns,325.75,318.29998779296875,321.5,321.79998779296875,27832294.0
2019-04-05,sbin.ns,323.70001220703125,315.0,323.70001220703125,317.04998779296875,23117232.0
2019-04-08,sbin.ns,319.25,311.1000061035156,318.25,312.79998779296875,17394139.0
2019-04-09,sbin.ns,315.70001220703125,308.1000061035156,313.95001220703125,314.75,25556039.0
2019-04-10,sbin.ns,317.04998779296875,310.0,314.8500061035156,310.8999938964844,19237974.0
2019-04-11,sbin.ns,315.3999938964844,308.70001220703125,311.0,314.8999938964844,14897935.0
2019-04-12,sbin.ns,316.3999938964844,311.20001220703125,314.6000061035156,315.25,14751964.0
2019-04-15,sbin.ns,318.70001220703125,313.75,315.5,315.6000061035156,13864791.0
2019-04-16,sbin.ns,319.3999938964844,314.70001220703125,316.6000061035156,315.75,14940726.0
2019-04-18,sbin.ns,315.79998779296875,308.04998779296875,315.79998779296875,310.79998779296875,15691168.0
2019-04-22,sbin.ns,312.29998779296875,306.3500061035156,308.79998779296875,310.04998779296875,15665440.0
2019-04-23,sbin.ns,313.75,304.6000061035156,310.04998779296875,305.25,17324274.0
2019-04-24,sbin.ns,311.95001220703125,303.6000061035156,305.8500061035156,310.75,15228591.0
2019-04-25,sbin.ns,312.0,305.3999938964844,311.0,306.20001220703125,30842477.0
2019-04-26,sbin.ns,313.5,306.6000061035156,306.8999938964844,312.5,14987906.0
2019-04-30,sbin.ns,312.0,305.0,312.0,309.95001220703125,18178758.0
2019-05-02,sbin.ns,311.3999938964844,305.6499938964844,308.04998779296875,308.1499938964844,16640100.0
2019-05-03,sbin.ns,311.79998779296875,308.79998779296875,309.0,310.0,12452689.0
2019-05-06,sbin.ns,310.29998779296875,305.8999938964844,306.79998779296875,308.75,10639216.0
2019-05-07,sbin.ns,313.3999938964844,303.75,310.70001220703125,305.45001220703125,15219641.0
2019-05-08,sbin.ns,305.29998779296875,296.75,303.95001220703125,298.25,22103678.0
2019-05-09,sbin.ns,301.0,296.1000061035156,297.6000061035156,299.29998779296875,12654440.0
2019-05-10,sbin.ns,310.75,292.45001220703125,301.79998779296875,308.04998779296875,60739833.0
2019-05-13,sbin.ns,314.20001220703125,305.29998779296875,310.0,306.8999938964844,40101505.0
2019-05-14,sbin.ns,316.75,305.1000061035156,307.8500061035156,314.6499938964844,30521436.0
2019-05-15,sbin.ns,317.8999938964844,311.0,316.20001220703125,312.1000061035156,27932459.0
2019-05-16,sbin.ns,317.1000061035156,309.54998779296875,312.5,315.75,18147559.0
2019-05-17,sbin.ns,321.95001220703125,313.45001220703125,315.6499938964844,319.25,25838962.0
2019-05-20,sbin.ns,345.79998779296875,331.0,332.0,344.70001220703125,53207071.0
2019-05-21,sbin.ns,347.54998779296875,336.25,345.8999938964844,337.54998779296875,33457162.0
2019-05-22,sbin.ns,342.6000061035156,333.54998779296875,338.8999938964844,341.1000061035156,32002499.0
2019-05-23,sbin.ns,364.0,339.20001220703125,353.0,342.20001220703125,74413322.0
2019-05-24,sbin.ns,357.0,343.5,344.95001220703125,355.3500061035156,35703403.0
2019-05-27,sbin.ns,362.5,354.0,355.04998779296875,361.70001220703125,31374994.0
2019-05-28,sbin.ns,361.70001220703125,356.6499938964844,360.95001220703125,360.04998779296875,23501608.0
2019-05-29,sbin.ns,359.0,347.1499938964844,358.0,348.6499938964844,28370210.0
2019-05-30,sbin.ns,355.0,347.5,349.75,353.54998779296875,25712604.0
2019-05-31,sbin.ns,357.8999938964844,344.6499938964844,354.3500061035156,352.5,32588069.0
2019-06-03,sbin.ns,356.45001220703125,349.6499938964844,352.3500061035156,355.45001220703125,18380919.0
2019-06-04,sbin.ns,357.20001220703125,351.3999938964844,354.0,352.3999938964844,18130636.0
2019-06-06,sbin.ns,349.6000061035156,335.8999938964844,349.0,336.8999938964844,41941144.0
2019-06-07,sbin.ns,342.75,336.0,337.0,342.04998779296875,29739710.0
2019-06-10,sbin.ns,347.29998779296875,340.1499938964844,346.0,344.29998779296875,20500542.0
2019-06-11,sbin.ns,348.29998779296875,342.8500061035156,345.04998779296875,347.1000061035156,16281297.0
2019-06-12,sbin.ns,346.95001220703125,342.29998779296875,346.95001220703125,344.0,11564970.0
2019-06-13,sbin.ns,347.45001220703125,339.79998779296875,343.0,346.5,15509948.0
2019-06-14,sbin.ns,346.3500061035156,342.54998779296875,345.5,343.79998779296875,10347594.0
2019-06-17,sbin.ns,343.75,336.95001220703125,343.75,337.8500061035156,13779496.0
2019-06-18,sbin.ns,344.0,333.79998779296875,335.5,340.04998779296875,21957480.0
2019-06-19,sbin.ns,345.20001220703125,335.5,343.1000061035156,338.8500061035156,16416903.0
2019-06-20,sbin.ns,346.25,335.6000061035156,341.0,345.1499938964844,20626861.0
2019-06-21,sbin.ns,350.70001220703125,343.1499938964844,344.79998779296875,349.3999938964844,24749090.0
2019-06-24,sbin.ns,354.75,349.6499938964844,350.0,353.20001220703125,17919504.0
2019-06-25,sbin.ns,357.0,351.25,352.70001220703125,356.54998779296875,15922634.0
2019-06-26,sbin.ns,359.0,354.29998779296875,355.75,358.1499938964844,15835579.0
2019-06-27,sbin.ns,363.0,357.25,358.1000061035156,362.1499938964844,29658120.0
2019-06-28,sbin.ns,365.0,358.70001220703125,362.20001220703125,361.25,22708414.0
2019-01-01,icicibank.ns,364.79998779296875,356.3999938964844,361.5,363.75,7759872.0
2019-01-02,icicibank.ns,367.8999938964844,360.29998779296875,361.5,364.6000061035156,18243156.0
2019-01-03,icicibank.ns,367.29998779296875,362.04998779296875,365.0,363.25,12884409.0
2019-01-04,icicibank.ns,368.79998779296875,358.04998779296875,361.8500061035156,365.20001220703125,22896026.0
2019-01-07,icicibank.ns,371.0,366.54998779296875,367.5,367.70001220703125,12719847.0
2019-01-08,icicibank.ns,381.79998779296875,366.6000061035156,367.79998779296875,380.1499938964844,21501136.0
2019-01-09,icicibank.ns,383.54998779296875,375.6000061035156,381.6499938964844,382.25,21730142.0
2019-01-10,icicibank.ns,382.1499938964844,376.04998779296875,380.95001220703125,379.5,14497154.0
2019-01-11,icicibank.ns,381.20001220703125,375.25,380.6000061035156,378.54998779296875,12537973.0
2019-01-14,icicibank.ns,378.70001220703125,372.70001220703125,378.70001220703125,373.3500061035156,14844029.0
2019-01-15,icicibank.ns,375.3999938964844,370.6000061035156,373.54998779296875,372.75,12960779.0
2019-01-16,icicibank.ns,379.75,372.04998779296875,372.04998779296875,375.29998779296875,15106484.0
2019-01-17,icicibank.ns,377.95001220703125,372.79998779296875,376.0,374.6000061035156,13171721.0
2019-01-18,icicibank.ns,376.3999938964844,370.3500061035156,374.6000061035156,372.0,12212121.0
2019-01-21,icicibank.ns,376.1499938964844,370.6000061035156,373.0,371.70001220703125,8908581.0
2019-01-22,icicibank.ns,372.5,366.1000061035156,370.54998779296875,369.04998779296875,14756076.0
2019-01-23,icicibank.ns,373.70001220703125,366.45001220703125,368.79998779296875,367.3999938964844,9726450.0
2019-01-24,icicibank.ns,368.5,361.75,366.6000061035156,364.79998779296875,17521254.0
2019-01-25,icicibank.ns,364.6499938964844,354.54998779296875,362.3500061035156,357.20001220703125,22978238.0
2019-01-28,icicibank.ns,354.8999938964844,336.6499938964844,353.20001220703125,343.54998779296875,34362360.0
2019-01-29,icicibank.ns,350.1000061035156,341.3500061035156,342.95001220703125,346.8500061035156,20738442.0
2019-01-30,icicibank.ns,368.6000061035156,351.0,351.0,365.8999938964844,39400056.0
2019-01-31,icicibank.ns,376.6499938964844,354.1000061035156,372.70001220703125,364.45001220703125,85917249.0
2019-02-01,icicibank.ns,364.8999938964844,348.75,364.5,354.6499938964844,25605469.0
2019-02-04,icicibank.ns,356.8999938964844,346.0,351.0,354.54998779296875,17039321.0
2019-02-05,icicibank.ns,356.1000061035156,348.8500061035156,354.6000061035156,352.6499938964844,12197271.0
2019-02-06,icicibank.ns,361.8999938964844,353.20001220703125,353.6000061035156,359.29998779296875,15396216.0
2019-02-07,icicibank.ns,361.79998779296875,356.5,359.1000061035156,358.6499938964844,10247434.0
2019-02-08,icicibank.ns,358.3999938964844,350.75,356.8999938964844,355.1000061035156,9308651.0
2019-02-11,icicibank.ns,354.70001220703125,349.04998779296875,354.6000061035156,350.04998779296875,9419635.0
2019-02-12,icicibank.ns,352.0,343.25,349.0,344.29998779296875,14924394.0
2019-02-14,icicibank.ns,346.8500061035156,336.1499938964844,339.8500061035156,343.95001220703125,15172596.0
2019-02-15,icicibank.ns,347.75,340.6000061035156,344.04998779296875,342.1499938964844,20316848.0
2019-02-18,icicibank.ns,343.0,337.54998779296875,342.20001220703125,338.75,10601490.0
2019-02-19,icicibank.ns,350.3999938964844,339.1000061035156,339.1000061035156,343.25,14384763.0
2019-02-20,icicibank.ns,347.6000061035156,342.3500061035156,345.0,345.20001220703125,9474758.0
2019-02-21,icicibank.ns,354.95001220703125,346.25,346.79998779296875,351.29998779296875,18631331.0
2019-02-22,icicibank.ns,354.1000061035156,351.29998779296875,351.3999938964844,352.04998779296875,10997730.0
2019-02-25,icicibank.ns,357.45001220703125,353.04998779296875,353.04998779296875,355.6000061035156,10344411.0
2019-02-26,icicibank.ns,352.70001220703125,346.6000061035156,350.0,348.20001220703125,18096382.0
2019-02-27,icicibank.ns,354.70001220703125,343.29998779296875,351.0,345.54998779296875,17325417.0
2019-02-28,icicibank.ns,351.75,345.0,348.45001220703125,350.1499938964844,18347113.0
2019-03-01,icicibank.ns,355.0,350.6499938964844,352.04998779296875,354.25,14190221.0
2019-03-05,icicibank.ns,364.1499938964844,352.79998779296875,355.0,363.25,17638277.0
2019-03-06,icicibank.ns,372.8500061035156,365.25,365.25,371.95001220703125,31436190.0
2019-03-07,icicibank.ns,374.0,368.5,371.5,370.79998779296875,15355303.0
2019-03-08,icicibank.ns,373.3999938964844,367.6499938964844,369.79998779296875,370.6000061035156,16143455.0
2019-03-11,icicibank.ns,378.3999938964844,370.0,371.79998779296875,375.8500061035156,11449587.0
2019-03-12,icicibank.ns,389.0,377.3500061035156,378.0,388.20001220703125,37108265.0
2019-03-13,icicibank.ns,393.25,384.29998779296875,387.8999938964844,391.8999938964844,19574619.0
2019-03-14,icicibank.ns,393.0,386.79998779296875,392.0,387.8999938964844,13182462.0
2019-03-15,icicibank.ns,398.25,388.1000061035156,388.8500061035156,395.29998779296875,31466545.0
2019-03-18,icicibank.ns,399.8999938964844,393.5,396.25,398.04998779296875,21220626.0
2019-03-19,icicibank.ns,400.95001220703125,393.8999938964844,398.3999938964844,398.3999938964844,11670392.0
2019-03-20,icicibank.ns,398.1499938964844,392.20001220703125,397.6000061035156,392.8999938964844,14181408.0
2019-03-22,icicibank.ns,396.29998779296875,390.0,394.45001220703125,391.79998779296875,17409249.0
2019-03-25,icicibank.ns,387.95001220703125,382.5,387.95001220703125,383.5,12345034.0
2019-03-26,icicibank.ns,395.5,383.3999938964844,384.95001220703125,394.1000061035156,14063632.0
2019-03-27,icicibank.ns,398.45001220703125,390.1499938964844,395.3999938964844,393.20001220703125,17950017.0
2019-03-28,icicibank.ns,401.8999938964844,392.75,392.75,400.54998779296875,23117485.0
2019-04-01,icicibank.ns,409.54998779296875,395.75,401.45001220703125,398.25,16106604.0
2019-04-02,icicibank.ns,400.0,393.45001220703125,400.0,397.1499938964844,13010810.0
2019-04-03,icicibank.ns,402.79998779296875,390.6499938964844,399.0,392.1000061035156,12317200.0
2019-04-04,icicibank.ns,395.70001220703125,387.29998779296875,394.3999938964844,388.75,14521564.0
2019-04-05,icicibank.ns,392.5,385.6000061035156,389.25,390.54998779296875,10853927.0
2019-04-08,icicibank.ns,391.45001220703125,385.0,391.45001220703125,387.1000061035156,6305407.0
2019-04-09,icicibank.ns,398.3500061035156,387.1499938964844,387.3999938964844,397.1499938964844,13206348.0
2019-04-10,icicibank.ns,398.79998779296875,392.70001220703125,395.54998779296875,394.20001220703125,14000018.0
2019-04-11,icicibank.ns,394.5,387.54998779296875,394.5,390.04998779296875,8704774.0
2019-04-12,icicibank.ns,395.54998779296875,388.25,390.6000061035156,394.6000061035156,7035256.0
2019-04-15,icicibank.ns,396.95001220703125,391.79998779296875,394.20001220703125,392.75,9770752.0
2019-04-16,icicibank.ns,408.3999938964844,397.5,397.5,407.0,24487788.0
2019-04-18,icicibank.ns,411.0,402.6000061035156,411.0,404.3999938964844,18660434.0
2019-04-22,icicibank.ns,404.6000061035156,393.70001220703125,404.25,394.5,10493872.0
2019-04-23,icicibank.ns,399.95001220703125,393.6000061035156,396.1000061035156,396.5,10203957.0
2019-04-24,icicibank.ns,402.6499938964844,393.45001220703125,397.1000061035156,401.1000061035156,11397163.0
2019-04-25,icicibank.ns,402.3999938964844,394.29998779296875,400.8999938964844,395.3999938964844,16524091.0
2019-04-26,icicibank.ns,408.0,394.25,400.0,407.20001220703125,14286163.0
2019-04-30,icicibank.ns,409.79998779296875,403.29998779296875,407.75,407.5,19375553.0
2019-05-02,icicibank.ns,405.0,394.3999938964844,403.70001220703125,395.54998779296875,16572948.0
2019-05-03,icicibank.ns,405.20001220703125,394.70001220703125,397.1499938964844,401.79998779296875,24431248.0
2019-05-06,icicibank.ns,404.8999938964844,394.6499938964844,396.5,401.29998779296875,20751521.0
2019-05-07,icicibank.ns,407.3500061035156,384.29998779296875,398.0,386.5,41517845.0
2019-05-08,icicibank.ns,390.0,380.1000061035156,386.29998779296875,382.20001220703125,22509400.0
2019-05-09,icicibank.ns,385.70001220703125,377.54998779296875,380.95001220703125,381.3999938964844,19739885.0
2019-05-10,icicibank.ns,389.20001220703125,382.25,383.5,385.1000061035156,18361701.0
2019-05-13,icicibank.ns,385.75,375.25,385.0,376.29998779296875,13828080.0
2019-05-14,icicibank.ns,386.75,376.5,378.1000061035156,380.3999938964844,21481226.0
2019-05-15,icicibank.ns,384.5,375.79998779296875,382.3500061035156,377.04998779296875,16183425.0
2019-05-16,icicibank.ns,385.0,377.54998779296875,379.0,382.5,13430281.0
2019-05-17,icicibank.ns,392.0,380.75,381.20001220703125,389.70001220703125,19096980.0
2019-05-20,icicibank.ns,414.0,402.0,405.25,407.70001220703125,33350816.0
2019-05-21,icicibank.ns,410.79998779296875,397.6000061035156,408.6000061035156,400.1499938964844,18286421.0
2019-05-22,icicibank.ns,408.3999938964844,401.54998779296875,403.0,405.3500061035156,15370847.0
2019-05-23,icicibank.ns,427.95001220703125,407.3999938964844,414.0,410.8500061035156,43279956.0
2019-05-24,icicibank.ns,433.54998779296875,412.6499938964844,415.5,431.75,37708344.0
2019-05-27,icicibank.ns,438.79998779296875,429.6499938964844,432.25,435.5,23397222.0
2019-05-28,icicibank.ns,439.20001220703125,428.1000061035156,435.04998779296875,434.29998779296875,23389724.0
2019-05-29,icicibank.ns,430.45001220703125,422.1000061035156,428.6000061035156,423.29998779296875,22132254.0
2019-05-30,icicibank.ns,428.0,419.6000061035156,420.8500061035156,426.20001220703125,18281037.0
2019-05-31,icicibank.ns,430.20001220703125,414.29998779296875,427.0,423.70001220703125,24644955.0
2019-06-03,icicibank.ns,426.3999938964844,419.6000061035156,426.0,422.8999938964844,17125380.0
2019-06-04,icicibank.ns,422.75,417.5,417.70001220703125,419.1000061035156,14514451.0
2019-06-06,icicibank.ns,417.8500061035156,410.3500061035156,417.3999938964844,411.54998779296875,17762399.0
2019-06-07,icicibank.ns,418.95001220703125,407.8999938964844,413.5,416.6000061035156,14107696.0
2019-06-10,icicibank.ns,422.75,413.0,418.8999938964844,416.1000061035156,13074522.0
2019-06-11,icicibank.ns,423.70001220703125,413.04998779296875,418.45001220703125,421.3500061035156,10939138.0
2019-06-12,icicibank.ns,422.0,414.79998779296875,422.0,418.0,11136959.0
2019-06-13,icicibank.ns,422.29998779296875,415.29998779296875,416.70001220703125,419.6000061035156,12164077.0
2019-06-14,icicibank.ns,422.0,416.1000061035156,420.29998779296875,417.75,8601256.0
2019-06-17,icicibank.ns,419.70001220703125,413.1499938964844,418.95001220703125,414.20001220703125,9539802.0
2019-06-18,icicibank.ns,426.04998779296875,415.1000061035156,415.45001220703125,422.1499938964844,17761348.0
2019-06-19,icicibank.ns,426.0,417.3500061035156,423.75,419.79998779296875,17010384.0
2019-06-20,icicibank.ns,434.6499938964844,419.0,419.75,433.3999938964844,24315929.0
2019-06-21,icicibank.ns,435.20001220703125,428.8500061035156,434.20001220703125,430.79998779296875,13909654.0
2019-06-24,icicibank.ns,433.79998779296875,428.20001220703125,431.45001220703125,429.45001220703125,8545999.0
2019-06-25,icicibank.ns,434.79998779296875,424.6000061035156,427.8999938964844,433.6499938964844,12964387.0
2019-06-26,icicibank.ns,440.0,432.5,432.5,438.6499938964844,12261068.0
2019-06-27,icicibank.ns,443.8999938964844,437.6000061035156,438.0,440.95001220703125,18787957.0
2019-06-28,icicibank.ns,440.5,433.6000061035156,439.5,437.1000061035156,13458934.0
2019-01-01,hdfcbank.ns,2151.0,2105.60009765625,2127.64990234375,2148.10009765625,1593360.0
2019-01-02,hdfcbank.ns,2147.5,2119.699951171875,2142.800048828125,2128.5,2033558.0
2019-01-03,hdfcbank.ns,2128.25,2103.0,2124.199951171875,2111.800048828125,3192916.0
2019-01-04,hdfcbank.ns,2128.5,2110.35009765625,2115.25,2117.449951171875,1821780.0
2019-01-07,hdfcbank.ns,2135.35009765625,2118.0,2127.699951171875,2120.64990234375,1346753.0
2019-01-08,hdfcbank.ns,2123.5,2096.64990234375,2122.0,2103.0,2085865.0
2019-01-09,hdfcbank.ns,2121.35009765625,2102.60009765625,2118.0,2116.800048828125,2142157.0
2019-01-10,hdfcbank.ns,2123.800048828125,2092.64990234375,2117.0,2108.5,1922885.0
2019-01-11,hdfcbank.ns,2124.0,2108.0,2113.800048828125,2111.89990234375,1602010.0
2019-01-14,hdfcbank.ns,2109.89990234375,2098.449951171875,2109.89990234375,2101.64990234375,1213790.0
2019-01-15,hdfcbank.ns,2126.5,2102.0,2105.050048828125,2121.89990234375,1271889.0
2019-01-16,hdfcbank.ns,2125.0,2108.25,2120.050048828125,2120.199951171875,1313113.0
2019-01-17,hdfcbank.ns,2135.89990234375,2113.35009765625,2125.25,2132.300048828125,2060057.0
2019-01-18,hdfcbank.ns,2139.0,2114.550048828125,2135.0,2130.25,1301994.0
2019-01-21,hdfcbank.ns,2166.5,2126.5,2139.949951171875,2148.14990234375,4390378.0
2019-01-22,hdfcbank.ns,2146.800048828125,2129.050048828125,2146.0,2135.85009765625,2199244.0
2019-01-23,hdfcbank.ns,2135.85009765625,2101.449951171875,2134.0,2105.39990234375,1906072.0
2019-01-24,hdfcbank.ns,2121.64990234375,2097.89990234375,2110.0,2102.25,2527893.0
2019-01-25,hdfcbank.ns,2110.0,2090.0,2093.0,2096.0,2815559.0
2019-01-28,hdfcbank.ns,2102.050048828125,2076.75,2090.0,2084.14990234375,3840109.0
2019-01-29,hdfcbank.ns,2083.0,2053.0,2078.25,2057.60009765625,3690697.0
2019-01-30,hdfcbank.ns,2057.25,2028.0,2057.25,2034.699951171875,4628540.0
2019-01-31,hdfcbank.ns,2089.75,2022.0,2031.0,2079.949951171875,4144851.0
2019-02-01,hdfcbank.ns,2117.0,2076.60009765625,2079.949951171875,2090.449951171875,3913547.0
2019-02-04,hdfcbank.ns,2113.0,2082.64990234375,2095.0,2104.89990234375,1984572.0
2019-02-05,hdfcbank.ns,2119.0,2097.0,2108.0,2114.050048828125,2172572.0
2019-02-06,hdfcbank.ns,2127.0,2113.60009765625,2116.25,2122.64990234375,2718921.0
2019-02-07,hdfcbank.ns,2130.0,2105.85009765625,2125.050048828125,2117.25,1804327.0
2019-02-08,hdfcbank.ns,2144.949951171875,2106.64990234375,2112.0,2122.64990234375,3058911.0
2019-02-11,hdfcbank.ns,2142.89990234375,2113.300048828125,2113.300048828125,2139.64990234375,1759091.0
2019-02-12,hdfcbank.ns,2148.0,2124.800048828125,2138.0,2129.699951171875,2443097.0
2019-02-14,hdfcbank.ns,2140.0,2105.60009765625,2140.0,2110.199951171875,1860347.0
2019-02-15,hdfcbank.ns,2108.10009765625,2078.199951171875,2107.35009765625,2100.64990234375,2104131.0
2019-02-18,hdfcbank.ns,2118.0,2086.0,2106.800048828125,2089.89990234375,1784686.0
2019-02-19,hdfcbank.ns,2108.14990234375,2078.199951171875,2089.699951171875,2084.050048828125,1317159.0
2019-02-20,hdfcbank.ns,2111.0,2081.89990234375,2088.5,2108.35009765625,1223125.0
2019-02-21,hdfcbank.ns,2119.949951171875,2093.60009765625,2101.699951171875,2115.89990234375,1315386.0
2019-02-22,hdfcbank.ns,2128.10009765625,2089.10009765625,2119.39990234375,2091.449951171875,2222677.0
2019-02-25,hdfcbank.ns,2129.949951171875,2095.14990234375,2095.14990234375,2125.39990234375,2035149.0
2019-02-26,hdfcbank.ns,2125.0,2101.10009765625,2111.25,2110.64990234375,2401857.0
2019-02-27,hdfcbank.ns,2124.449951171875,2088.14990234375,2116.10009765625,2092.25,1757523.0
2019-02-28,hdfcbank.ns,2105.85009765625,2073.199951171875,2093.10009765625,2077.550048828125,2911344.0
2019-03-01,hdfcbank.ns,2100.89990234375,2077.0,2086.25,2083.35009765625,2338232.0
2019-03-05,hdfcbank.ns,2111.10009765625,2070.0,2088.89990234375,2107.10009765625,2959319.0
2019-03-06,hdfcbank.ns,2110.300048828125,2090.550048828125,2110.0,2104.25,2114511.0
2019-03-07,hdfcbank.ns,2130.0,2095.0,2109.60009765625,2126.5,2551213.0
2019-03-08,hdfcbank.ns,2130.0,2109.449951171875,2115.050048828125,2128.199951171875,1763365.0
2019-03-11,hdfcbank.ns,2143.699951171875,2122.199951171875,2132.0,2128.449951171875,2306027.0
2019-03-12,hdfcbank.ns,2175.0,2137.0,2147.0,2171.0,3774323.0
2019-03-13,hdfcbank.ns,2234.0,2172.10009765625,2175.0,2226.550048828125,14291587.0
2019-03-14,hdfcbank.ns,2247.5,2210.60009765625,2244.85009765625,2224.75,3844966.0
2019-03-15,hdfcbank.ns,2259.89990234375,2228.050048828125,2231.0,2253.0,3190772.0
2019-03-18,hdfcbank.ns,2291.64990234375,2247.0,2261.89990234375,2261.449951171875,3589680.0
2019-03-19,hdfcbank.ns,2275.89990234375,2251.0,2269.5,2267.75,2989498.0
2019-03-20,hdfcbank.ns,2300.0,2261.050048828125,2269.0,2299.0,2927998.0
2019-03-22,hdfcbank.ns,2307.0,2270.800048828125,2300.0,2276.14990234375,7600970.0
2019-03-25,hdfcbank.ns,2287.85009765625,2253.0,2260.0,2281.300048828125,2299815.0
2019-03-26,hdfcbank.ns,2315.0,2272.60009765625,2275.89990234375,2311.35009765625,2946712.0
2019-03-27,hdfcbank.ns,2328.050048828125,2279.050048828125,2318.550048828125,2299.449951171875,3471325.0
2019-03-28,hdfcbank.ns,2325.0,2287.85009765625,2298.800048828125,2302.800048828125,4888582.0
2019-04-01,hdfcbank.ns,2332.0,2304.60009765625,2325.25,2311.800048828125,2411769.0
2019-04-02,hdfcbank.ns,2320.0,2285.449951171875,2320.0,2294.85009765625,2727624.0
2019-04-03,hdfcbank.ns,2316.0,2288.25,2292.10009765625,2292.75,1914863.0
2019-04-04,hdfcbank.ns,2313.0,2280.0,2292.75,2283.949951171875,2302888.0
2019-04-05,hdfcbank.ns,2313.75,2282.0,2287.800048828125,2305.60009765625,2087795.0
2019-04-08,hdfcbank.ns,2322.949951171875,2280.10009765625,2319.0,2289.39990234375,1599533.0
2019-04-09,hdfcbank.ns,2303.0,2267.0,2296.60009765625,2287.25,2694400.0
2019-04-10,hdfcbank.ns,2284.0,2231.0,2250.0,2237.35009765625,27032175.0
2019-04-11,hdfcbank.ns,2263.0,2236.949951171875,2244.89990234375,2257.5,2198325.0
2019-04-12,hdfcbank.ns,2272.199951171875,2252.10009765625,2252.10009765625,2265.25,2292611.0
2019-04-15,hdfcbank.ns,2292.89990234375,2264.35009765625,2270.0,2288.800048828125,2554945.0
2019-04-16,hdfcbank.ns,2309.89990234375,2280.300048828125,2290.949951171875,2305.050048828125,2068444.0
2019-04-18,hdfcbank.ns,2315.050048828125,2288.0,2313.0,2293.64990234375,2653714.0
2019-04-22,hdfcbank.ns,2325.0,2261.0,2325.0,2268.699951171875,5245105.0
2019-04-23,hdfcbank.ns,2290.0,2241.60009765625,2277.550048828125,2245.300048828125,3820600.0
2019-04-24,hdfcbank.ns,2283.89990234375,2247.050048828125,2250.0,2279.75,3088532.0
2019-04-25,hdfcbank.ns,2298.800048828125,2257.949951171875,2286.89990234375,2263.449951171875,4521659.0
2019-04-26,hdfcbank.ns,2285.0,2256.89990234375,2265.89990234375,2280.949951171875,2926892.0
2019-04-29,hdfcbank.ns,2280.949951171875,2280.949951171875,2280.949951171875,2280.949951171875,0.0
2019-04-30,hdfcbank.ns,2320.0,2278.39990234375,2285.0,2317.449951171875,3134209.0
2019-05-02,hdfcbank.ns,2359.64990234375,2317.5,2323.5,2355.800048828125,4292325.0
2019-05-03,hdfcbank.ns,2378.0,2356.5,2364.199951171875,2367.949951171875,3087880.0
2019-05-06,hdfcbank.ns,2351.89990234375,2317.050048828125,2348.0,2328.449951171875,3437023.0
2019-05-07,hdfcbank.ns,2358.0,2318.0,2351.89990234375,2322.35009765625,2480966.0
2019-05-08,hdfcbank.ns,2323.800048828125,2288.0,2322.550048828125,2307.25,3016052.0
2019-05-09,hdfcbank.ns,2300.0,2271.60009765625,2300.0,2290.89990234375,2256931.0
2019-05-10,hdfcbank.ns,2324.89990234375,2291.35009765625,2291.35009765625,2296.5,2648550.0
2019-05-13,hdfcbank.ns,2313.35009765625,2280.0,2296.050048828125,2287.199951171875,2767908.0
2019-05-14,hdfcbank.ns,2311.0,2275.550048828125,2296.699951171875,2287.89990234375,2623686.0
2019-05-15,hdfcbank.ns,2307.199951171875,2282.199951171875,2296.0,2286.699951171875,2239087.0
2019-05-16,hdfcbank.ns,2319.0,2280.0,2280.550048828125,2310.64990234375,2012534.0
2019-05-17,hdfcbank.ns,2369.300048828125,2311.60009765625,2313.0,2362.10009765625,3689695.0
2019-05-20,hdfcbank.ns,2438.699951171875,2380.0,2408.0,2432.35009765625,4424908.0
2019-05-21,hdfcbank.ns,2449.39990234375,2399.449951171875,2438.0,2403.699951171875,2581294.0
2019-05-22,hdfcbank.ns,2426.0,2394.25,2411.85009765625,2405.75,2846665.0
2019-05-23,hdfcbank.ns,2439.89990234375,2319.10009765625,2409.0,2332.10009765625,8270499.0
2019-05-24,hdfcbank.ns,2386.14990234375,2340.14990234375,2359.699951171875,2373.35009765625,3423200.0
2019-05-27,hdfcbank.ns,2421.89990234375,2372.25,2378.89990234375,2408.35009765625,3012256.0
2019-05-28,hdfcbank.ns,2420.0,2387.050048828125,2416.5,2416.199951171875,1841210.0
2019-05-29,hdfcbank.ns,2430.800048828125,2410.199951171875,2410.199951171875,2416.89990234375,1868804.0
2019-05-30,hdfcbank.ns,2447.89990234375,2413.050048828125,2416.0,2439.550048828125,2339800.0
2019-05-31,hdfcbank.ns,2465.0,2356.800048828125,2456.800048828125,2425.35009765625,4946270.0
2019-06-03,hdfcbank.ns,2459.800048828125,2424.949951171875,2427.0,2457.10009765625,2120215.0
2019-06-04,hdfcbank.ns,2465.75,2441.050048828125,2455.0,2452.300048828125,1610747.0
2019-06-06,hdfcbank.ns,2470.0,2413.35009765625,2453.199951171875,2423.35009765625,3908731.0
2019-06-07,hdfcbank.ns,2454.25,2409.0,2425.64990234375,2447.64990234375,1992733.0
2019-06-10,hdfcbank.ns,2469.949951171875,2432.10009765625,2469.949951171875,2440.199951171875,1769285.0
2019-06-11,hdfcbank.ns,2459.89990234375,2440.35009765625,2451.5,2448.39990234375,1775823.0
2019-06-12,hdfcbank.ns,2448.39990234375,2423.64990234375,2445.0,2427.050048828125,1827155.0
2019-06-13,hdfcbank.ns,2452.0,2415.949951171875,2435.949951171875,2444.699951171875,2776987.0
2019-06-14,hdfcbank.ns,2458.949951171875,2425.0,2442.949951171875,2435.10009765625,2989230.0
2019-06-17,hdfcbank.ns,2439.89990234375,2417.300048828125,2435.0,2422.0,3202505.0
2019-06-18,hdfcbank.ns,2432.0,2404.0,2418.0,2417.25,3104913.0
2019-06-19,hdfcbank.ns,2444.89990234375,2416.699951171875,2427.0,2428.35009765625,2686069.0
2019-06-20,hdfcbank.ns,2437.0,2414.60009765625,2428.35009765625,2426.35009765625,2792873.0
2019-06-21,hdfcbank.ns,2429.699951171875,2405.64990234375,2426.0,2414.199951171875,3312565.0
2019-06-24,hdfcbank.ns,2430.60009765625,2410.0,2411.949951171875,2417.949951171875,1728750.0
2019-06-25,hdfcbank.ns,2441.5,2403.0,2419.85009765625,2428.699951171875,2224950.0
2019-06-26,hdfcbank.ns,2470.0,2422.0,2424.699951171875,2467.89990234375,2633409.0
2019-06-27,hdfcbank.ns,2494.5,2456.14990234375,2468.75,2462.300048828125,4969809.0
2019-06-28,hdfcbank.ns,2475.0,2437.050048828125,2464.0,2443.75,3189014.0
2019-01-01,reliance.ns,1127.300048828125,1110.0999755859375,1125.25,1121.0,4455850.0
2019-01-02,reliance.ns,1127.0,1101.0,1114.5,1106.4000244140625,7144970.0
2019-01-03,reliance.ns,1114.5999755859375,1090.0999755859375,1107.5,1092.75,7446457.0
2019-01-04,reliance.ns,1104.449951171875,1081.0999755859375,1097.4000244140625,1098.6500244140625,8465141.0
2019-01-07,reliance.ns,1118.449951171875,1101.0,1107.0,1104.75,5513559.0
2019-01-08,reliance.ns,1109.949951171875,1096.0,1105.0999755859375,1104.6500244140625,5625153.0
2019-01-09,reliance.ns,1117.0,1098.699951171875,1112.0,1110.75,5766805.0
2019-01-10,reliance.ns,1111.0,1103.0,1107.75,1107.5,4080283.0
2019-01-11,reliance.ns,1113.800048828125,1088.5999755859375,1107.5999755859375,1098.050048828125,6463903.0
2019-01-14,reliance.ns,1100.5,1086.4000244140625,1095.0,1096.800048828125,4111782.0
2019-01-15,reliance.ns,1132.0,1105.0,1105.0,1129.6500244140625,10062875.0
2019-01-16,reliance.ns,1145.0,1130.3499755859375,1135.0,1135.9000244140625,6382777.0
2019-01-17,reliance.ns,1147.9000244140625,1130.0,1144.449951171875,1134.449951171875,7487963.0
2019-01-18,reliance.ns,1189.9000244140625,1135.25,1148.800048828125,1184.3499755859375,25684142.0
2019-01-21,reliance.ns,1239.949951171875,1188.6500244140625,1194.0,1237.699951171875,22038534.0
2019-01-22,reliance.ns,1246.949951171875,1219.5999755859375,1232.8499755859375,1235.1500244140625,16552819.0
2019-01-23,reliance.ns,1244.199951171875,1222.0,1233.300048828125,1226.300048828125,8829502.0
2019-01-24,reliance.ns,1253.199951171875,1220.0999755859375,1225.0,1247.449951171875,13155185.0
2019-01-25,reliance.ns,1264.699951171875,1235.4000244140625,1250.449951171875,1246.0,8550836.0
2019-01-28,reliance.ns,1255.949951171875,1222.4000244140625,1250.5,1229.550048828125,8569265.0
2019-01-29,reliance.ns,1231.6500244140625,1201.3499755859375,1231.0,1210.6500244140625,9328866.0
2019-01-30,reliance.ns,1225.0,1191.0999755859375,1215.0,1195.699951171875,7846940.0
2019-01-31,reliance.ns,1229.699951171875,1201.0,1202.0,1227.1500244140625,10185347.0
2019-02-01,reliance.ns,1255.0,1227.050048828125,1234.0,1249.949951171875,9228965.0
2019-02-04,reliance.ns,1296.949951171875,1242.050048828125,1247.0,1290.9000244140625,11670570.0
2019-02-05,reliance.ns,1304.4000244140625,1278.5999755859375,1292.0,1291.550048828125,9362406.0
2019-02-06,reliance.ns,1317.6500244140625,1294.25,1296.25,1310.25,9411585.0
2019-02-07,reliance.ns,1321.199951171875,1286.0999755859375,1310.25,1290.4000244140625,9212227.0
2019-02-08,reliance.ns,1300.5,1272.25,1284.800048828125,1277.699951171875,6505502.0
2019-02-11,reliance.ns,1276.0,1251.0,1275.9000244140625,1253.25,7523999.0
2019-02-12,reliance.ns,1272.3499755859375,1251.5,1251.5,1256.4000244140625,6399485.0
2019-02-14,reliance.ns,1241.0,1218.0,1241.0,1224.199951171875,6627360.0
2019-02-15,reliance.ns,1249.9000244140625,1214.0,1229.75,1244.449951171875,9597961.0
2019-02-18,reliance.ns,1252.5,1215.0,1250.0,1220.0999755859375,9649017.0
2019-02-19,reliance.ns,1239.699951171875,1211.199951171875,1218.0,1216.0999755859375,6244189.0
2019-02-20,reliance.ns,1240.0,1219.0,1223.8499755859375,1234.3499755859375,6298179.0
2019-02-21,reliance.ns,1257.800048828125,1229.3499755859375,1236.0,1246.9000244140625,10580178.0
2019-02-22,reliance.ns,1245.300048828125,1226.0,1244.5999755859375,1232.3499755859375,8755865.0
2019-02-25,reliance.ns,1243.0,1220.6500244140625,1236.0,1232.300048828125,7852528.0
2019-02-26,reliance.ns,1234.800048828125,1206.0,1209.5,1220.25,10131050.0
2019-02-27,reliance.ns,1244.9000244140625,1209.0,1228.050048828125,1223.5,11113182.0
2019-02-28,reliance.ns,1239.8499755859375,1226.550048828125,1233.75,1231.050048828125,11286916.0
2019-03-01,reliance.ns,1242.3499755859375,1222.25,1237.0,1226.050048828125,7922513.0
2019-03-05,reliance.ns,1239.800048828125,1218.5999755859375,1223.4000244140625,1237.6500244140625,7121509.0
2019-03-06,reliance.ns,1273.0999755859375,1235.0999755859375,1239.800048828125,1264.800048828125,12038231.0
2019-03-07,reliance.ns,1279.800048828125,1258.1500244140625,1264.0,1270.25,8109259.0
2019-03-08,reliance.ns,1274.449951171875,1262.0,1266.050048828125,1267.0999755859375,6040052.0
2019-03-11,reliance.ns,1312.0,1268.0,1270.050048828125,1304.0999755859375,9718840.0
2019-03-12,reliance.ns,1334.0,1314.25,1316.9000244140625,1331.3499755859375,11228736.0
2019-03-13,reliance.ns,1360.0,1328.0999755859375,1337.0,1347.300048828125,11236048.0
2019-03-14,reliance.ns,1362.0,1336.0999755859375,1349.75,1341.550048828125,10402048.0
2019-03-15,reliance.ns,1358.800048828125,1311.199951171875,1345.0,1321.6500244140625,15893093.0
2019-03-18,reliance.ns,1357.949951171875,1329.0,1331.0,1350.050048828125,10105234.0
2019-03-19,reliance.ns,1380.0,1343.0999755859375,1360.0,1376.550048828125,9805318.0
2019-03-20,reliance.ns,1388.0,1364.0,1377.800048828125,1375.449951171875,9892823.0
2019-03-22,reliance.ns,1380.9000244140625,1336.699951171875,1372.5,1341.75,11465112.0
2019-03-25,reliance.ns,1336.8499755859375,1316.699951171875,1330.5999755859375,1324.449951171875,7951992.0
2019-03-26,reliance.ns,1371.5999755859375,1330.0,1330.300048828125,1367.25,9479288.0
2019-03-27,reliance.ns,1377.949951171875,1344.25,1377.949951171875,1349.25,10094174.0
2019-03-28,reliance.ns,1369.800048828125,1342.800048828125,1350.25,1360.0,10482938.0
2019-04-01,reliance.ns,1406.800048828125,1362.550048828125,1370.0,1391.8499755859375,10098281.0
2019-04-02,reliance.ns,1403.0999755859375,1380.0999755859375,1398.0,1389.699951171875,8012636.0
2019-04-03,reliance.ns,1403.0,1372.0,1392.75,1375.199951171875,7849461.0
2019-04-04,reliance.ns,1383.699951171875,1347.25,1379.0,1353.050048828125,8375674.0
2019-04-05,reliance.ns,1363.9000244140625,1343.0,1360.949951171875,1353.9000244140625,6728239.0
2019-04-08,reliance.ns,1357.5,1323.699951171875,1356.0,1329.25,8723577.0
2019-04-09,reliance.ns,1340.699951171875,1321.0,1328.9000244140625,1334.449951171875,9497621.0
2019-04-10,reliance.ns,1348.0,1326.5,1337.949951171875,1331.4000244140625,7612711.0
2019-04-11,reliance.ns,1353.0,1329.0,1332.949951171875,1346.800048828125,5741333.0
2019-04-12,reliance.ns,1356.9000244140625,1336.6500244140625,1350.0,1343.0999755859375,5919742.0
2019-04-15,reliance.ns,1348.949951171875,1335.0,1345.0,1340.1500244140625,4245127.0
2019-04-16,reliance.ns,1360.0,1340.0,1345.0,1343.75,7936553.0
2019-04-18,reliance.ns,1389.75,1365.0,1375.0,1385.949951171875,17960482.0
2019-04-22,reliance.ns,1367.0,1341.300048828125,1360.0,1345.3499755859375,10792748.0
2019-04-23,reliance.ns,1373.0,1346.0,1348.0,1363.8499755859375,9055300.0
2019-04-24,reliance.ns,1394.800048828125,1366.25,1370.300048828125,1389.5,7360887.0
2019-04-25,reliance.ns,1412.4000244140625,1362.5999755859375,1389.0999755859375,1372.4000244140625,13929820.0
2019-04-26,reliance.ns,1395.949951171875,1370.699951171875,1375.0,1392.800048828125,6889444.0
2019-04-30,reliance.ns,1396.4000244140625,1366.800048828125,1396.4000244140625,1392.800048828125,10217019.0
2019-05-02,reliance.ns,1413.9000244140625,1382.0999755859375,1392.0,1405.050048828125,8682505.0
2019-05-03,reliance.ns,1417.5,1402.6500244140625,1407.949951171875,1408.8499755859375,6510169.0
2019-05-06,reliance.ns,1402.800048828125,1378.0999755859375,1398.0,1384.9000244140625,7237910.0
2019-05-07,reliance.ns,1395.0,1340.199951171875,1394.800048828125,1343.5,8876945.0
2019-05-08,reliance.ns,1340.0,1292.199951171875,1340.0,1299.449951171875,14610543.0
2019-05-09,reliance.ns,1288.800048828125,1251.75,1288.800048828125,1256.449951171875,19507368.0
2019-05-10,reliance.ns,1277.699951171875,1245.0,1265.0,1251.1500244140625,11226831.0
2019-05-13,reliance.ns,1260.800048828125,1227.5,1247.9000244140625,1232.050048828125,8047801.0
2019-05-14,reliance.ns,1269.3499755859375,1231.5,1236.5,1260.449951171875,13001004.0
2019-05-15,reliance.ns,1278.0,1250.5999755859375,1273.0,1256.9000244140625,11163801.0
2019-05-16,reliance.ns,1271.9000244140625,1258.0999755859375,1259.949951171875,1265.3499755859375,6606652.0
2019-05-17,reliance.ns,1276.949951171875,1252.0,1267.0,1267.4000244140625,7898440.0
2019-05-20,reliance.ns,1337.699951171875,1303.5,1313.5999755859375,1325.9000244140625,12333937.0
2019-05-21,reliance.ns,1367.0,1330.050048828125,1332.199951171875,1339.800048828125,13872055.0
2019-05-22,reliance.ns,1359.699951171875,1335.0999755859375,1345.6500244140625,1340.4000244140625,11287400.0
2019-05-23,reliance.ns,1392.0,1325.0,1372.0,1333.9000244140625,17722514.0
2019-05-24,reliance.ns,1353.800048828125,1316.5,1348.0,1336.8499755859375,10180759.0
2019-05-27,reliance.ns,1337.5,1307.0,1337.0999755859375,1310.6500244140625,7349720.0
2019-05-28,reliance.ns,1334.800048828125,1313.3499755859375,1319.800048828125,1323.75,19472659.0
2019-05-29,reliance.ns,1333.300048828125,1304.1500244140625,1321.0,1313.050048828125,7112830.0
2019-05-30,reliance.ns,1342.0,1316.25,1316.25,1329.75,10740841.0
2019-05-31,reliance.ns,1341.9000244140625,1320.199951171875,1337.9000244140625,1330.1500244140625,11760178.0
2019-06-03,reliance.ns,1367.25,1321.199951171875,1335.0,1360.199951171875,8483610.0
2019-06-04,reliance.ns,1374.25,1348.0999755859375,1357.449951171875,1351.6500244140625,7059911.0
2019-06-06,reliance.ns,1361.9000244140625,1321.0999755859375,1361.9000244140625,1327.3499755859375,7664319.0
2019-06-07,reliance.ns,1327.25,1305.5999755859375,1325.949951171875,1314.9000244140625,6730595.0
2019-06-10,reliance.ns,1327.0,1310.0999755859375,1320.9000244140625,1319.1500244140625,5380148.0
2019-06-11,reliance.ns,1334.5,1318.0,1321.8499755859375,1329.1500244140625,5253790.0
2019-06-12,reliance.ns,1338.4000244140625,1325.0,1334.699951171875,1332.1500244140625,4707716.0
2019-06-13,reliance.ns,1334.699951171875,1308.6500244140625,1330.0,1327.25,7171189.0
2019-06-14,reliance.ns,1325.0,1309.4000244140625,1321.9000244140625,1317.550048828125,6831331.0
2019-06-17,reliance.ns,1320.0,1278.5,1320.0,1282.300048828125,6815554.0
2019-06-18,reliance.ns,1287.949951171875,1269.0999755859375,1278.9000244140625,1281.0,7679193.0
2019-06-19,reliance.ns,1302.0,1262.5999755859375,1286.9000244140625,1277.3499755859375,6625604.0
2019-06-20,reliance.ns,1300.0,1278.0,1280.0,1296.75,4914012.0
2019-06-21,reliance.ns,1296.0,1275.550048828125,1295.949951171875,1279.5,10623098.0
2019-06-24,reliance.ns,1276.449951171875,1257.0999755859375,1272.1500244140625,1262.4000244140625,5150998.0
2019-06-25,reliance.ns,1298.0,1254.25,1258.9000244140625,1295.8499755859375,6842363.0
2019-06-26,reliance.ns,1304.5999755859375,1286.3499755859375,1291.0,1294.1500244140625,5299942.0
2019-06-27,reliance.ns,1296.9000244140625,1271.0,1293.1500244140625,1274.1500244140625,11385972.0
2019-06-28,reliance.ns,1282.8499755859375,1248.6500244140625,1277.0999755859375,1253.0999755859375,8659301.0
