date,co2
29-03-58,316.1
05-04-58,317.3
12-04-58,317.6
19-04-58,317.5
26-04-58,316.4
03-05-58,316.9
10-05-58,
17-05-58,317.5
24-05-58,317.9
31-05-58,
07-06-58,
14-06-58,
21-06-58,
28-06-58,
05-07-58,315.8
12-07-58,315.8
19-07-58,315.4
26-07-58,315.5
02-08-58,315.6
09-08-58,315.1
16-08-58,315
23-08-58,
30-08-58,314.1
06-09-58,313.5
13-09-58,
20-09-58,
27-09-58,
04-10-58,
11-10-58,
18-10-58,
25-10-58,
01-11-58,
08-11-58,313
15-11-58,313.2
22-11-58,313.5
29-11-58,314
06-12-58,314.5
13-12-58,314.4
20-12-58,314.7
27-12-58,315.2
03-01-59,315.2
10-01-59,315.5
17-01-59,315.6
24-01-59,315.8
31-01-59,315.4
07-02-59,
14-02-59,316.9
21-02-59,316.6
28-02-59,316.6
07-03-59,316.8
14-03-59,
21-03-59,316.7
28-03-59,316.7
04-04-59,317.7
11-04-59,317.1
18-04-59,317.6
25-04-59,318.3
02-05-59,318.2
09-05-59,318.7
16-05-59,318
23-05-59,318.4
30-05-59,
06-06-59,318.5
13-06-59,318.1
20-06-59,317.8
27-06-59,317.7
04-07-59,316.8
11-07-59,316.8
18-07-59,316.4
25-07-59,316.1
01-08-59,315.6
08-08-59,314.9
15-08-59,
22-08-59,315
29-08-59,314.1
05-09-59,314.4
12-09-59,313.9
19-09-59,313.5
26-09-59,313.5
03-10-59,313
10-10-59,313.1
17-10-59,313.4
24-10-59,313.4
31-10-59,314.1
07-11-59,314.4
14-11-59,314.8
21-11-59,315.2
28-11-59,315.1
05-12-59,315
12-12-59,315.6
19-12-59,315.8
26-12-59,315.7
02-01-60,315.7
09-01-60,316.4
16-01-60,316.7
23-01-60,316.5
30-01-60,316.6
06-02-60,316.6
13-02-60,316.9
20-02-60,317.4
27-02-60,317
05-03-60,316.9
12-03-60,317.7
19-03-60,318
26-03-60,317.7
02-04-60,318.6
09-04-60,319.3
16-04-60,319
23-04-60,319
30-04-60,319.7
07-05-60,319.9
14-05-60,319.8
21-05-60,320
28-05-60,320
04-06-60,319.4
11-06-60,320
18-06-60,319.4
25-06-60,319
02-07-60,318.1
09-07-60,318.6
16-07-60,318.4
23-07-60,317.9
30-07-60,317.3
06-08-60,316.6
13-08-60,316.7
20-08-60,315.1
27-08-60,314.7
03-09-60,314.7
10-09-60,314.5
17-09-60,314.2
24-09-60,313.3
01-10-60,313.6
08-10-60,313.3
15-10-60,313.9
22-10-60,314.2
29-10-60,314.2
05-11-60,314.5
12-11-60,315.1
19-11-60,315.1
26-11-60,315.4
03-12-60,315.8
10-12-60,316
17-12-60,316.2
24-12-60,316.4
31-12-60,316.6
07-01-61,316.7
14-01-61,317
21-01-61,317
28-01-61,317
04-02-61,317
11-02-61,317.7
18-02-61,317.9
25-02-61,318
04-03-61,318
11-03-61,318.5
18-03-61,318.9
25-03-61,318.7
01-04-61,319.4
08-04-61,319.5
15-04-61,318.9
22-04-61,319.7
29-04-61,319.6
06-05-61,320.6
13-05-61,320.4
20-05-61,320.6
27-05-61,320.3
03-06-61,320
10-06-61,320
17-06-61,319.6
24-06-61,319.4
01-07-61,319.2
08-07-61,319
15-07-61,318.4
22-07-61,317.1
29-07-61,317.9
05-08-61,317.9
12-08-61,317.3
19-08-61,316.7
26-08-61,315.2
02-09-61,315.2
09-09-61,314.9
16-09-61,314.5
23-09-61,315
30-09-61,315.6
07-10-61,314.9
14-10-61,315.4
21-10-61,315.4
28-10-61,315.7
04-11-61,315.8
11-11-61,315.7
18-11-61,316.2
25-11-61,316.5
02-12-61,316.5
09-12-61,317
16-12-61,316.9
23-12-61,317.1
30-12-61,317.4
06-01-62,317.9
13-01-62,318.1
20-01-62,318
27-01-62,317.7
03-02-62,318
10-02-62,318.3
17-02-62,318.9
24-02-62,319.3
03-03-62,319.2
10-03-62,319.4
17-03-62,319.9
24-03-62,319.7
31-03-62,320.2
07-04-62,320.2
14-04-62,321
21-04-62,320.7
28-04-62,320.3
05-05-62,320.8
12-05-62,320.7
19-05-62,321
26-05-62,321.1
02-06-62,320.9
09-06-62,320.8
16-06-62,320.5
23-06-62,320.1
30-06-62,320.2
07-07-62,320.1
14-07-62,319.9
21-07-62,319
28-07-62,318.7
04-08-62,318.6
11-08-62,317.2
18-08-62,317.4
25-08-62,
01-09-62,
08-09-62,
15-09-62,316.6
22-09-62,315.7
29-09-62,315.9
06-10-62,315.1
13-10-62,315.4
20-10-62,315.7
27-10-62,315.7
03-11-62,315.9
10-11-62,316.4
17-11-62,316.9
24-11-62,317
01-12-62,317.1
08-12-62,317.3
15-12-62,317.6
22-12-62,318.1
29-12-62,
05-01-63,318.5
12-01-63,318.7
19-01-63,318.9
26-01-63,318.8
02-02-63,318.7
09-02-63,318.9
16-02-63,
23-02-63,319.3
02-03-63,319.3
09-03-63,319.7
16-03-63,319.8
23-03-63,320.3
30-03-63,320.2
06-04-63,320.3
13-04-63,320.9
20-04-63,322
27-04-63,321.9
04-05-63,
11-05-63,321.9
18-05-63,322.2
25-05-63,322.2
01-06-63,322.3
08-06-63,322
15-06-63,321.8
22-06-63,320.8
29-06-63,320.4
06-07-63,320.1
13-07-63,319.8
20-07-63,319.5
27-07-63,319
03-08-63,318.6
10-08-63,318.2
17-08-63,317.7
24-08-63,317.1
31-08-63,316.4
07-09-63,316.8
14-09-63,315.9
21-09-63,316
28-09-63,315.9
05-10-63,316.2
12-10-63,315.6
19-10-63,316.1
26-10-63,316.3
02-11-63,316.6
09-11-63,316.8
16-11-63,317.1
23-11-63,
30-11-63,317.5
07-12-63,318
14-12-63,318.2
21-12-63,318.5
28-12-63,318.7
04-01-64,319
11-01-64,319.4
18-01-64,319.8
25-01-64,
01-02-64,
08-02-64,
15-02-64,
22-02-64,
29-02-64,
07-03-64,
14-03-64,
21-03-64,
28-03-64,
04-04-64,
11-04-64,
18-04-64,
25-04-64,
02-05-64,
09-05-64,
16-05-64,
23-05-64,
30-05-64,322
06-06-64,322
13-06-64,
20-06-64,
27-06-64,321.5
04-07-64,321.1
11-07-64,319.9
18-07-64,320.2
25-07-64,320
01-08-64,319.1
08-08-64,
15-08-64,318.6
22-08-64,318.2
29-08-64,318.1
05-09-64,317.4
12-09-64,316.5
19-09-64,315.5
26-09-64,317
03-10-64,316.9
10-10-64,316.5
17-10-64,316.8
24-10-64,317
31-10-64,317.6
07-11-64,317.7
14-11-64,317.6
21-11-64,317.5
28-11-64,318.1
05-12-64,318.4
12-12-64,318.5
19-12-64,318.9
26-12-64,318.9
02-01-65,319
09-01-65,319.1
16-01-65,319.1
23-01-65,319.7
30-01-65,320.1
06-02-65,320.2
13-02-65,320.1
20-02-65,320.7
27-02-65,320.8
06-03-65,321
13-03-65,320.9
20-03-65,320.4
27-03-65,321.4
03-04-65,321.9
10-04-65,322.2
17-04-65,322.1
24-04-65,321.8
01-05-65,322.4
08-05-65,322.2
15-05-65,321.9
22-05-65,321.6
29-05-65,322.2
05-06-65,321.8
12-06-65,321.7
19-06-65,321.7
26-06-65,321.9
03-07-65,321.9
10-07-65,321.8
17-07-65,321.7
24-07-65,320.4
31-07-65,319.4
07-08-65,319.4
14-08-65,318
21-08-65,318.8
28-08-65,318.7
04-09-65,318.3
11-09-65,318
18-09-65,318.2
25-09-65,316.8
02-10-65,316.6
09-10-65,317.2
16-10-65,317.8
23-10-65,317.5
30-10-65,317.6
06-11-65,318.3
13-11-65,319.2
20-11-65,318.9
27-11-65,319.1
04-12-65,319
11-12-65,319.3
18-12-65,319.3
25-12-65,319.7
01-01-66,319.6
08-01-66,320.4
15-01-66,320.6
22-01-66,321
29-01-66,321.1
05-02-66,321.2
12-02-66,321.7
19-02-66,321.6
26-02-66,321.8
05-03-66,322.1
12-03-66,322.1
19-03-66,322.5
26-03-66,322.8
02-04-66,323.5
09-04-66,323.6
16-04-66,323.8
23-04-66,323.9
30-04-66,323.5
07-05-66,324
14-05-66,324.1
21-05-66,323.7
28-05-66,324.3
04-06-66,324
11-06-66,323.8
18-06-66,323.7
25-06-66,323.3
02-07-66,322.8
09-07-66,322.9
16-07-66,
23-07-66,
30-07-66,
06-08-66,321.3
13-08-66,320.8
20-08-66,319.1
27-08-66,319.6
03-09-66,319.9
10-09-66,318.2
17-09-66,318.4
24-09-66,318.3
01-10-66,317.9
08-10-66,317.9
15-10-66,318.2
22-10-66,318.6
29-10-66,318.3
05-11-66,
12-11-66,319.5
19-11-66,320
26-11-66,320.2
03-12-66,320.8
10-12-66,320.8
17-12-66,321.1
24-12-66,321.3
31-12-66,321.3
07-01-67,321.9
14-01-67,322.9
21-01-67,
28-01-67,
04-02-67,322.1
11-02-67,322.2
18-02-67,322.8
25-02-67,322.6
04-03-67,322.9
11-03-67,322.6
18-03-67,323.3
25-03-67,323.2
01-04-67,323.1
08-04-67,324.2
15-04-67,324.4
22-04-67,324.6
29-04-67,325.1
06-05-67,325.2
13-05-67,324.7
20-05-67,325
27-05-67,324.9
03-06-67,324.9
10-06-67,324.6
17-06-67,323.3
24-06-67,323.5
01-07-67,322.8
08-07-67,322.8
15-07-67,322.4
22-07-67,322.4
29-07-67,322
05-08-67,321.6
12-08-67,321.4
19-08-67,320.4
26-08-67,320
02-09-67,320
09-09-67,319.4
16-09-67,319.3
23-09-67,319
30-09-67,318.8
07-10-67,318.8
14-10-67,319.8
21-10-67,319.4
28-10-67,319.8
04-11-67,320
11-11-67,320.3
18-11-67,320.9
25-11-67,321.5
02-12-67,321.4
09-12-67,321.8
16-12-67,322.2
23-12-67,321.9
30-12-67,322.3
06-01-68,322.4
13-01-68,322.5
20-01-68,322.5
27-01-68,322.8
03-02-68,322.6
10-02-68,323.1
17-02-68,323.4
24-02-68,323.1
02-03-68,323.1
09-03-68,323.8
16-03-68,323.8
23-03-68,324.2
30-03-68,324.7
06-04-68,324.7
13-04-68,325
20-04-68,324.8
27-04-68,325.4
04-05-68,325.6
11-05-68,325
18-05-68,325.5
25-05-68,325.8
01-06-68,325.6
08-06-68,325.7
15-06-68,325.5
22-06-68,324.9
29-06-68,324.6
06-07-68,324.7
13-07-68,324.1
20-07-68,323.9
27-07-68,323.4
03-08-68,322.4
10-08-68,322.2
17-08-68,322
24-08-68,321.7
31-08-68,321.4
07-09-68,320.4
14-09-68,321.1
21-09-68,319.7
28-09-68,319.8
05-10-68,320.5
12-10-68,320.5
19-10-68,320.2
26-10-68,319.9
02-11-68,320.7
09-11-68,320.8
16-11-68,321.4
23-11-68,321.7
30-11-68,322
07-12-68,322.4
14-12-68,322.9
21-12-68,323.3
28-12-68,323.1
04-01-69,323.3
11-01-69,324
18-01-69,324.3
25-01-69,324.1
01-02-69,324.1
08-02-69,323.9
15-02-69,324.3
22-02-69,324.8
01-03-69,325.1
08-03-69,325.5
15-03-69,325.7
22-03-69,325.9
29-03-69,325.8
05-04-69,326.2
12-04-69,327.1
19-04-69,326.5
26-04-69,326.5
03-05-69,327.5
10-05-69,327.8
17-05-69,326.8
24-05-69,326.9
31-05-69,327.4
07-06-69,326.5
14-06-69,326.7
21-06-69,326.7
28-06-69,326.3
05-07-69,326.1
12-07-69,326
19-07-69,325.7
26-07-69,325.4
02-08-69,324.5
09-08-69,324.5
16-08-69,323.1
23-08-69,322.5
30-08-69,323.1
06-09-69,322.2
13-09-69,322.7
20-09-69,322.8
27-09-69,321.9
04-10-69,321.5
11-10-69,321.8
18-10-69,322
25-10-69,321.9
01-11-69,322.2
08-11-69,322.6
15-11-69,322.7
22-11-69,323.1
29-11-69,323.5
06-12-69,323.9
13-12-69,323.9
20-12-69,324.2
27-12-69,324.5
03-01-70,324.7
10-01-70,325.4
17-01-70,325
24-01-70,324.8
31-01-70,325.5
07-02-70,325.7
14-02-70,326
21-02-70,326.3
28-02-70,326.1
07-03-70,326.8
14-03-70,326.8
21-03-70,327.5
28-03-70,326.9
04-04-70,328.2
11-04-70,327.8
18-04-70,327.8
25-04-70,328.5
02-05-70,327.9
09-05-70,327.5
16-05-70,328
23-05-70,328.3
30-05-70,327.9
06-06-70,327.5
13-06-70,327.8
20-06-70,327.7
27-06-70,327.2
04-07-70,327.2
11-07-70,326.2
18-07-70,326.2
25-07-70,325.6
01-08-70,325.2
08-08-70,325.2
15-08-70,324.8
22-08-70,324.8
29-08-70,323.3
05-09-70,322.9
12-09-70,323.5
19-09-70,323.1
26-09-70,323.1
03-10-70,323.2
10-10-70,323.5
17-10-70,322.9
24-10-70,323
31-10-70,323.1
07-11-70,323.6
14-11-70,323.7
21-11-70,324.2
28-11-70,324.7
05-12-70,324.7
12-12-70,325
19-12-70,325.2
26-12-70,325.5
02-01-71,325.7
09-01-71,325.8
16-01-71,325.9
23-01-71,326.7
30-01-71,326.6
06-02-71,326.5
13-02-71,326.4
20-02-71,326.7
27-02-71,327
06-03-71,327.1
13-03-71,327.3
20-03-71,327
27-03-71,327.4
03-04-71,327.4
10-04-71,327.1
17-04-71,327.7
24-04-71,328.5
01-05-71,328.2
08-05-71,329
15-05-71,329.2
22-05-71,328.9
29-05-71,328.8
05-06-71,328.5
12-06-71,328.8
19-06-71,328.1
26-06-71,328.5
03-07-71,327.9
10-07-71,327.8
17-07-71,327.5
24-07-71,326.2
31-07-71,326.7
07-08-71,326.1
14-08-71,325.6
21-08-71,325.3
28-08-71,324
04-09-71,323.6
11-09-71,323.5
18-09-71,323.2
25-09-71,323.3
02-10-71,323.3
09-10-71,322.9
16-10-71,323.5
23-10-71,323.6
30-10-71,324.4
06-11-71,324.3
13-11-71,324.5
20-11-71,325
27-11-71,325.5
04-12-71,325.3
11-12-71,325.9
18-12-71,326.2
25-12-71,326.3
01-01-72,326.6
08-01-72,326.6
15-01-72,326.6
22-01-72,326.6
29-01-72,327.2
05-02-72,327.4
12-02-72,327.9
19-02-72,327.8
26-02-72,327.4
04-03-72,327.5
11-03-72,327.1
18-03-72,327.7
25-03-72,328.6
01-04-72,328.9
08-04-72,329.4
15-04-72,329.8
22-04-72,330.1
29-04-72,330
06-05-72,330
13-05-72,329.7
20-05-72,330.1
27-05-72,330.2
03-06-72,329.7
10-06-72,329.1
17-06-72,329
24-06-72,328.5
01-07-72,328.6
08-07-72,328.3
15-07-72,327.7
22-07-72,328.1
29-07-72,327.5
05-08-72,326.9
12-08-72,326.6
19-08-72,326.5
26-08-72,325
02-09-72,325.4
09-09-72,325.7
16-09-72,324.8
23-09-72,324.2
30-09-72,324.2
07-10-72,324.8
14-10-72,325.5
21-10-72,325.1
28-10-72,325.8
04-11-72,326.3
11-11-72,326.1
18-11-72,326.4
25-11-72,326.9
02-12-72,326.9
09-12-72,327.1
16-12-72,327.6
23-12-72,327.9
30-12-72,328.2
06-01-73,328.4
13-01-73,328.4
20-01-73,328.6
27-01-73,328.8
03-02-73,329.1
10-02-73,329.5
17-02-73,329.6
24-02-73,329.7
03-03-73,329.9
10-03-73,330.1
17-03-73,330.5
24-03-73,330.8
31-03-73,330.6
07-04-73,331.2
14-04-73,331.1
21-04-73,331.9
28-04-73,332.1
05-05-73,332.2
12-05-73,332.3
19-05-73,332.6
26-05-73,332.5
02-06-73,332.2
09-06-73,332.5
16-06-73,332
23-06-73,331.6
30-06-73,331.4
07-07-73,331.5
14-07-73,331
21-07-73,330
28-07-73,330.1
04-08-73,330
11-08-73,329.5
18-08-73,329.3
25-08-73,328.5
01-09-73,328.4
08-09-73,327.6
15-09-73,327.8
22-09-73,327.1
29-09-73,326.6
06-10-73,327
13-10-73,327.4
20-10-73,327.4
27-10-73,327.1
03-11-73,327.5
10-11-73,328
17-11-73,328.2
24-11-73,328.5
01-12-73,329
08-12-73,328.7
15-12-73,328.6
22-12-73,328.2
29-12-73,328.7
05-01-74,328.9
12-01-74,329.2
19-01-74,329.4
26-01-74,329.8
02-02-74,330.5
09-02-74,330.8
16-02-74,330.6
23-02-74,330.6
02-03-74,330.7
09-03-74,331.2
16-03-74,332.1
23-03-74,332
30-03-74,331.5
06-04-74,332.4
13-04-74,332.1
20-04-74,332.9
27-04-74,333.1
04-05-74,332.9
11-05-74,333
18-05-74,333.2
25-05-74,332.8
01-06-74,332.9
08-06-74,332
15-06-74,332
22-06-74,332.2
29-06-74,331.7
06-07-74,331.7
13-07-74,331.2
20-07-74,330.4
27-07-74,331
03-08-74,330
10-08-74,329.9
17-08-74,329.2
24-08-74,328.9
31-08-74,328.1
07-09-74,328
14-09-74,327.3
21-09-74,326.9
28-09-74,327.3
05-10-74,327.3
12-10-74,327
19-10-74,327.5
26-10-74,327.7
02-11-74,327.9
09-11-74,328
16-11-74,328.8
23-11-74,328.6
30-11-74,328.7
07-12-74,329.5
14-12-74,329.7
21-12-74,329.8
28-12-74,329.7
04-01-75,329.9
11-01-75,329.8
18-01-75,330.2
25-01-75,331.1
01-02-75,331.1
08-02-75,331.4
15-02-75,331
22-02-75,331.7
01-03-75,331.8
08-03-75,331.6
15-03-75,331.9
22-03-75,332.2
29-03-75,332.5
05-04-75,333
12-04-75,333.5
19-04-75,333.5
26-04-75,333.1
03-05-75,333.9
10-05-75,333.9
17-05-75,333.7
24-05-75,333.7
31-05-75,334.1
07-06-75,333.8
14-06-75,333.3
21-06-75,333.4
28-06-75,333.1
05-07-75,332.7
12-07-75,332
19-07-75,331
26-07-75,331.5
02-08-75,330.8
09-08-75,330.7
16-08-75,330.3
23-08-75,329.3
30-08-75,328.8
06-09-75,329.4
13-09-75,328.5
20-09-75,328
27-09-75,328.2
04-10-75,328
11-10-75,328
18-10-75,328.5
25-10-75,328.8
01-11-75,329.3
08-11-75,329.2
15-11-75,329.1
22-11-75,329.5
29-11-75,330.1
06-12-75,330.3
13-12-75,330.5
20-12-75,331.1
27-12-75,331.2
03-01-76,331.5
10-01-76,331.5
17-01-76,331.7
24-01-76,331.8
31-01-76,332.2
07-02-76,332.1
14-02-76,332.5
21-02-76,333.2
28-02-76,332.4
06-03-76,332.8
13-03-76,333.6
20-03-76,333.1
27-03-76,334.3
03-04-76,334.7
10-04-76,334.2
17-04-76,334.4
24-04-76,334.5
01-05-76,334.7
08-05-76,334.3
15-05-76,334.6
22-05-76,335.4
29-05-76,334.8
05-06-76,334.3
12-06-76,334.6
19-06-76,334.3
26-06-76,
03-07-76,333.6
10-07-76,333.4
17-07-76,332.8
24-07-76,332.4
31-07-76,332.1
07-08-76,331.7
14-08-76,330.6
21-08-76,330.6
28-08-76,330
04-09-76,329.7
11-09-76,330
18-09-76,329.3
25-09-76,328.4
02-10-76,328.8
09-10-76,329
16-10-76,329.6
23-10-76,329.1
30-10-76,329
06-11-76,329.8
13-11-76,330.4
20-11-76,330.5
27-11-76,330.7
04-12-76,331.1
11-12-76,331.3
18-12-76,331.9
25-12-76,332.2
01-01-77,332.5
08-01-77,332.4
15-01-77,333.1
22-01-77,333.2
29-01-77,333.2
05-02-77,333.4
12-02-77,333.3
19-02-77,333.4
26-02-77,333.6
05-03-77,334.1
12-03-77,334.6
19-03-77,335.1
26-03-77,335
02-04-77,335.5
09-04-77,335.9
16-04-77,336
23-04-77,336.1
30-04-77,336.7
07-05-77,336.8
14-05-77,336.4
21-05-77,336.8
28-05-77,336.7
04-06-77,336.4
11-06-77,336.3
18-06-77,336.1
25-06-77,336
02-07-77,335.5
09-07-77,335.1
16-07-77,335.1
23-07-77,334.6
30-07-77,333.7
06-08-77,333
13-08-77,332.9
20-08-77,332.8
27-08-77,332.8
03-09-77,332.1
10-09-77,331.2
17-09-77,332.1
24-09-77,330.9
01-10-77,330.4
08-10-77,330.9
15-10-77,331.5
22-10-77,331.5
29-10-77,331.7
05-11-77,332.1
12-11-77,332
19-11-77,332.5
26-11-77,332.8
03-12-77,333.2
10-12-77,333.5
17-12-77,333.8
24-12-77,334.2
31-12-77,334.6
07-01-78,334.2
14-01-78,334.6
21-01-78,335.4
28-01-78,335.9
04-02-78,335
11-02-78,335.1
18-02-78,335.6
25-02-78,335.7
04-03-78,336.2
11-03-78,336.1
18-03-78,336.8
25-03-78,337.3
01-04-78,337
08-04-78,337.9
15-04-78,337.9
22-04-78,337.4
29-04-78,338
06-05-78,338
13-05-78,338.1
20-05-78,337.8
27-05-78,337.9
03-06-78,338.4
10-06-78,338.2
17-06-78,337.8
24-06-78,337.3
01-07-78,337.6
08-07-78,336.7
15-07-78,336.7
22-07-78,335.9
29-07-78,335.6
05-08-78,335.1
12-08-78,334.8
19-08-78,334.4
26-08-78,334.3
02-09-78,333.8
09-09-78,332.8
16-09-78,332.1
23-09-78,332.3
30-09-78,332.7
07-10-78,332.1
14-10-78,332.4
21-10-78,333
28-10-78,333.1
04-11-78,333.5
11-11-78,333.8
18-11-78,333.8
25-11-78,334.2
02-12-78,334.5
09-12-78,334.8
16-12-78,335.1
23-12-78,335.1
30-12-78,335.3
06-01-79,335.3
13-01-79,335.9
20-01-79,336.8
27-01-79,336.9
03-02-79,336.9
10-02-79,336.5
17-02-79,336.7
24-02-79,336.7
03-03-79,337.1
10-03-79,337.7
17-03-79,337.4
24-03-79,339
31-03-79,338.8
07-04-79,338.1
14-04-79,338.6
21-04-79,339.2
28-04-79,339.6
05-05-79,339.3
12-05-79,338.8
19-05-79,339.8
26-05-79,339.6
02-06-79,339.9
09-06-79,339.5
16-06-79,338.9
23-06-79,338.9
30-06-79,339
07-07-79,338.2
14-07-79,337.8
21-07-79,337.3
28-07-79,336.8
04-08-79,337
11-08-79,336.5
18-08-79,336.1
25-08-79,334.5
01-09-79,334.4
08-09-79,334
15-09-79,334.2
22-09-79,333.2
29-09-79,334.1
06-10-79,334.1
13-10-79,333.9
20-10-79,333.7
27-10-79,334.1
03-11-79,334.7
10-11-79,334.8
17-11-79,335.5
24-11-79,335.6
01-12-79,335.9
08-12-79,336.5
15-12-79,336.7
22-12-79,336.8
29-12-79,337.4
05-01-80,337.6
12-01-80,337.4
19-01-80,338.3
26-01-80,338.4
02-02-80,338
09-02-80,338.1
16-02-80,338.6
23-02-80,338.2
01-03-80,339.3
08-03-80,339.5
15-03-80,340
22-03-80,340.5
29-03-80,341
05-04-80,340.4
12-04-80,340.9
19-04-80,340.7
26-04-80,341
03-05-80,341.5
10-05-80,341.3
17-05-80,341.3
24-05-80,340.9
31-05-80,341.7
07-06-80,341.3
14-06-80,341.3
21-06-80,340.8
28-06-80,340.4
05-07-80,340.4
12-07-80,339.7
19-07-80,338.5
26-07-80,338.9
02-08-80,337.9
09-08-80,337.7
16-08-80,337.7
23-08-80,337.7
30-08-80,337
06-09-80,336.6
13-09-80,335.7
20-09-80,335.2
27-09-80,336
04-10-80,335.8
11-10-80,335.8
18-10-80,336.1
25-10-80,336.4
01-11-80,336.6
08-11-80,336.9
15-11-80,337.1
22-11-80,337.3
29-11-80,337.4
06-12-80,337.7
13-12-80,338.1
20-12-80,338.3
27-12-80,338.7
03-01-81,338.9
10-01-81,339.1
17-01-81,339.3
24-01-81,339.3
31-01-81,339.5
07-02-81,340.5
14-02-81,340
21-02-81,340.2
28-02-81,341.1
07-03-81,340.7
14-03-81,341
21-03-81,341.8
28-03-81,342.1
04-04-81,342.4
11-04-81,342.4
18-04-81,342.7
25-04-81,342.3
02-05-81,342.9
09-05-81,343
16-05-81,342.8
23-05-81,342.7
30-05-81,342.7
06-06-81,342.6
13-06-81,342.5
20-06-81,341.8
27-06-81,341.6
04-07-81,341
11-07-81,340.8
18-07-81,339.7
25-07-81,340.2
01-08-81,339.5
08-08-81,338.9
15-08-81,338.4
22-08-81,337.5
29-08-81,337.7
05-09-81,337.2
12-09-81,337
19-09-81,336.7
26-09-81,335.9
03-10-81,336.3
10-10-81,336.6
17-10-81,337.1
24-10-81,337.2
31-10-81,337.5
07-11-81,337.8
14-11-81,338.1
21-11-81,338.5
28-11-81,339.3
05-12-81,339.2
12-12-81,339.4
19-12-81,339.6
26-12-81,340.2
02-01-82,340.2
09-01-82,340.3
16-01-82,340.7
23-01-82,341.1
30-01-82,341.2
06-02-82,341.9
13-02-82,341.1
20-02-82,341.1
27-02-82,342.1
06-03-82,342.6
13-03-82,342.6
20-03-82,342.7
27-03-82,342.8
03-04-82,342.9
10-04-82,343.3
17-04-82,343.5
24-04-82,344.2
01-05-82,343.8
08-05-82,343.6
15-05-82,344.2
22-05-82,344.1
29-05-82,344.1
05-06-82,343.4
12-06-82,343.5
19-06-82,343.4
26-06-82,342.9
03-07-82,342.5
10-07-82,342
17-07-82,342
24-07-82,341.8
31-07-82,341.3
07-08-82,340.5
14-08-82,340
21-08-82,339.7
28-08-82,338.3
04-09-82,338.8
11-09-82,338.6
18-09-82,337.8
25-09-82,336.9
02-10-82,337.3
09-10-82,338
16-10-82,337.6
23-10-82,337.9
30-10-82,338.7
06-11-82,338.4
13-11-82,339.2
20-11-82,339.7
27-11-82,339.8
04-12-82,339.8
11-12-82,340.4
18-12-82,340.7
25-12-82,340.8
01-01-83,340.9
08-01-83,341.4
15-01-83,341.5
22-01-83,341.2
29-01-83,341.7
05-02-83,342
12-02-83,342.7
19-02-83,342.5
26-02-83,342.8
05-03-83,342.3
12-03-83,342.5
19-03-83,344
26-03-83,343.8
02-04-83,344
09-04-83,344.8
16-04-83,345
23-04-83,345.3
30-04-83,345.4
07-05-83,345.4
14-05-83,345.7
21-05-83,345.8
28-05-83,345.7
04-06-83,345.6
11-06-83,345.6
18-06-83,345
25-06-83,344.9
02-07-83,344.7
09-07-83,344.5
16-07-83,343.7
23-07-83,343.6
30-07-83,342.6
06-08-83,343
13-08-83,341.7
20-08-83,342.1
27-08-83,341.8
03-09-83,339.9
10-09-83,339.9
17-09-83,339.8
24-09-83,339.9
01-10-83,339.8
08-10-83,339.7
15-10-83,340.1
22-10-83,340.2
29-10-83,340.3
05-11-83,340.8
12-11-83,341
19-11-83,341.1
26-11-83,341.7
03-12-83,341.8
10-12-83,342.8
17-12-83,343.3
24-12-83,343.6
31-12-83,343.4
07-01-84,343.7
14-01-84,343.4
21-01-84,343.5
28-01-84,344.1
04-02-84,344.3
11-02-84,344.5
18-02-84,344.3
25-02-84,344.6
03-03-84,344.8
10-03-84,344.9
17-03-84,345.4
24-03-84,345.6
31-03-84,
07-04-84,
14-04-84,
21-04-84,
28-04-84,347.4
05-05-84,347.4
12-05-84,347.7
19-05-84,347.3
26-05-84,347
02-06-84,347
09-06-84,347
16-06-84,346.8
23-06-84,346.3
30-06-84,346.2
07-07-84,345.8
14-07-84,345.4
21-07-84,345.2
28-07-84,344.4
04-08-84,344
11-08-84,344.1
18-08-84,343.1
25-08-84,342
01-09-84,341.6
08-09-84,340.6
15-09-84,341.3
22-09-84,341.3
29-09-84,340.8
06-10-84,341.1
13-10-84,341.3
20-10-84,341.9
27-10-84,341.6
03-11-84,342
10-11-84,342.6
17-11-84,343.1
24-11-84,343.7
01-12-84,343.6
08-12-84,343.9
15-12-84,344.2
22-12-84,344.5
29-12-84,344.5
05-01-85,344.7
12-01-85,345
19-01-85,345
26-01-85,345
02-02-85,345.9
09-02-85,345.5
16-02-85,345.8
23-02-85,346.3
02-03-85,346.7
09-03-85,347.1
16-03-85,347.5
23-03-85,347.7
30-03-85,348.2
06-04-85,348
13-04-85,348
20-04-85,348.5
27-04-85,348.8
04-05-85,348.8
11-05-85,349.3
18-05-85,349.1
25-05-85,348.1
01-06-85,349
08-06-85,348.4
15-06-85,348.2
22-06-85,347.9
29-06-85,347.4
06-07-85,346.9
13-07-85,346.8
20-07-85,346.4
27-07-85,345.7
03-08-85,
10-08-85,344.7
17-08-85,344.5
24-08-85,344.3
31-08-85,343.7
07-09-85,344.2
14-09-85,343.3
21-09-85,342.4
28-09-85,342.1
05-10-85,342.4
12-10-85,342.5
19-10-85,343.1
26-10-85,343.2
02-11-85,343.3
09-11-85,343.7
16-11-85,344.2
23-11-85,344.6
30-11-85,345.3
07-12-85,345.3
14-12-85,345.6
21-12-85,345.1
28-12-85,346.3
04-01-86,346.4
11-01-86,346
18-01-86,346.2
25-01-86,346.4
01-02-86,346.2
08-02-86,346.8
15-02-86,347.1
22-02-86,347.2
01-03-86,347
08-03-86,346.6
15-03-86,347.2
22-03-86,349.1
29-03-86,348.8
05-04-86,349.2
12-04-86,349.4
19-04-86,349.3
26-04-86,350.2
03-05-86,349.9
10-05-86,350.1
17-05-86,350.2
24-05-86,350.1
31-05-86,350.1
07-06-86,349.7
14-06-86,349.5
21-06-86,349.4
28-06-86,348.9
05-07-86,348.6
12-07-86,347.7
19-07-86,347.6
26-07-86,347.4
02-08-86,346.6
09-08-86,346.2
16-08-86,345.5
23-08-86,345.6
30-08-86,345.2
06-09-86,345
13-09-86,345.3
20-09-86,344.4
27-09-86,344.5
04-10-86,343.9
11-10-86,344.1
18-10-86,343.9
25-10-86,344.5
01-11-86,345.1
08-11-86,345.3
15-11-86,345.6
22-11-86,345.7
29-11-86,346.4
06-12-86,346.9
13-12-86,346.7
20-12-86,346.9
27-12-86,347
03-01-87,347.6
10-01-87,348.3
17-01-87,348.2
24-01-87,347.9
31-01-87,348
07-02-87,347.9
14-02-87,348.2
21-02-87,348.5
28-02-87,349.4
07-03-87,348.8
14-03-87,349.2
21-03-87,349.7
28-03-87,350.2
04-04-87,350.8
11-04-87,350.2
18-04-87,351.1
25-04-87,351.3
02-05-87,351.4
09-05-87,352
16-05-87,351.7
23-05-87,351.9
30-05-87,351.7
06-06-87,351.6
13-06-87,351.1
20-06-87,351
27-06-87,350.9
04-07-87,349.7
11-07-87,349.8
18-07-87,348.8
25-07-87,349.5
01-08-87,349
08-08-87,348.1
15-08-87,348.6
22-08-87,348
29-08-87,346.7
05-09-87,347
12-09-87,346.6
19-09-87,346.2
26-09-87,345.8
03-10-87,345.7
10-10-87,346.3
17-10-87,346.5
24-10-87,346.8
31-10-87,346.9
07-11-87,347.3
14-11-87,347.6
21-11-87,348.1
28-11-87,348.7
05-12-87,348.6
12-12-87,348.8
19-12-87,349.1
26-12-87,349.2
02-01-88,349.7
09-01-88,350.2
16-01-88,350.2
23-01-88,350.7
30-01-88,351.2
06-02-88,351.8
13-02-88,351.3
20-02-88,351.5
27-02-88,352.5
05-03-88,352.8
12-03-88,351.8
19-03-88,351.7
26-03-88,352.2
02-04-88,353.1
09-04-88,353.5
16-04-88,353.1
23-04-88,354
30-04-88,354.2
07-05-88,353.7
14-05-88,354.3
21-05-88,354.5
28-05-88,354.2
04-06-88,354.1
11-06-88,354.2
18-06-88,353.6
25-06-88,353.1
02-07-88,353
09-07-88,352.5
16-07-88,352.6
23-07-88,351.9
30-07-88,351.1
06-08-88,350.9
13-08-88,350.3
20-08-88,350.4
27-08-88,349.6
03-09-88,349.3
10-09-88,348.7
17-09-88,348.9
24-09-88,348.1
01-10-88,348.8
08-10-88,348.8
15-10-88,348.6
22-10-88,349.4
29-10-88,349.2
05-11-88,349.7
12-11-88,349.8
19-11-88,350.1
26-11-88,350.4
03-12-88,350.5
10-12-88,351
17-12-88,351.6
24-12-88,351.3
31-12-88,352.4
07-01-89,352.7
14-01-89,352.9
21-01-89,352.5
28-01-89,353
04-02-89,352.8
11-02-89,352.6
18-02-89,353.2
25-02-89,353.4
04-03-89,353.1
11-03-89,353.4
18-03-89,353.5
25-03-89,354.4
01-04-89,354.5
08-04-89,355
15-04-89,355.4
22-04-89,356
29-04-89,355.9
06-05-89,355.3
13-05-89,355.8
20-05-89,355.6
27-05-89,355.7
03-06-89,355.8
10-06-89,355
17-06-89,354.8
24-06-89,354.9
01-07-89,354.5
08-07-89,354.7
15-07-89,353.8
22-07-89,353.1
29-07-89,353.2
05-08-89,352.6
12-08-89,352.2
19-08-89,351.1
26-08-89,350.4
02-09-89,350.7
09-09-89,350.2
16-09-89,349.4
23-09-89,349.3
30-09-89,349.7
07-10-89,349.9
14-10-89,349.7
21-10-89,350.2
28-10-89,350.4
04-11-89,350.6
11-11-89,351.2
18-11-89,351.6
25-11-89,351.4
02-12-89,352
09-12-89,352.1
16-12-89,352.4
23-12-89,352.5
30-12-89,353.4
06-01-90,353.4
13-01-90,353.5
20-01-90,353.8
27-01-90,353.9
03-02-90,354.1
10-02-90,355
17-02-90,354.8
24-02-90,354.7
03-03-90,355.7
10-03-90,354.9
17-03-90,355.8
24-03-90,355.1
31-03-90,355.9
07-04-90,356.1
14-04-90,355.9
21-04-90,356.6
28-04-90,356.1
05-05-90,357.3
12-05-90,357
19-05-90,356.9
26-05-90,357.1
02-06-90,357
09-06-90,356.6
16-06-90,355.6
23-06-90,355.5
30-06-90,355.7
07-07-90,355.5
14-07-90,354
21-07-90,354.5
28-07-90,354.7
04-08-90,353.5
11-08-90,353.2
18-08-90,352.9
25-08-90,352
01-09-90,350.9
08-09-90,350.7
15-09-90,351.3
22-09-90,350.9
29-09-90,350.9
06-10-90,351.1
13-10-90,351
20-10-90,351.4
27-10-90,351.4
03-11-90,352.1
10-11-90,352.6
17-11-90,353
24-11-90,353.1
01-12-90,353.6
08-12-90,354
15-12-90,353.8
22-12-90,354.5
29-12-90,354.8
05-01-91,354.2
12-01-91,354.7
19-01-91,354.8
26-01-91,355
02-02-91,355.2
09-02-91,355.2
16-02-91,356.4
23-02-91,355.8
02-03-91,356.4
09-03-91,357.2
16-03-91,357.6
23-03-91,356.9
30-03-91,357.9
06-04-91,358.3
13-04-91,357.8
20-04-91,359.1
27-04-91,359.2
04-05-91,359.1
11-05-91,358.9
18-05-91,360
25-05-91,359
01-06-91,358.5
08-06-91,358.4
15-06-91,358.2
22-06-91,358.1
29-06-91,357.7
06-07-91,357.2
13-07-91,356.5
20-07-91,355.2
27-07-91,355.3
03-08-91,354.8
10-08-91,354.6
17-08-91,353.7
24-08-91,353
31-08-91,353.2
07-09-91,353
14-09-91,352.1
21-09-91,351.8
28-09-91,351.6
05-10-91,351.7
12-10-91,352.1
19-10-91,352.5
26-10-91,352.7
02-11-91,353.4
09-11-91,353.7
16-11-91,353.5
23-11-91,353.8
30-11-91,354.3
07-12-91,354.5
14-12-91,354.9
21-12-91,355.2
28-12-91,355.5
04-01-92,355.6
11-01-92,356
18-01-92,356.1
25-01-92,355.9
01-02-92,356
08-02-92,356.7
15-02-92,357.3
22-02-92,356.9
29-02-92,356.5
07-03-92,357.3
14-03-92,357.8
21-03-92,358.1
28-03-92,358.4
04-04-92,358.5
11-04-92,358.9
18-04-92,359.7
25-04-92,359.2
02-05-92,359.6
09-05-92,359.7
16-05-92,358.6
23-05-92,359.6
30-05-92,360.2
06-06-92,360
13-06-92,359.4
20-06-92,358.7
27-06-92,358.4
04-07-92,358.4
11-07-92,357.2
18-07-92,356.3
25-07-92,356.1
01-08-92,354.9
08-08-92,355.3
15-08-92,355.3
22-08-92,354.5
29-08-92,354.3
05-09-92,353.5
12-09-92,353.6
19-09-92,352.3
26-09-92,352.7
03-10-92,353.6
10-10-92,353.3
17-10-92,353.2
24-10-92,353.5
31-10-92,353.5
07-11-92,353.9
14-11-92,353.8
21-11-92,354.5
28-11-92,354.6
05-12-92,354.8
12-12-92,355.3
19-12-92,355.4
26-12-92,355.9
02-01-93,356.2
09-01-93,356.9
16-01-93,356.7
23-01-93,356.6
30-01-93,357
06-02-93,356.6
13-02-93,357.2
20-02-93,357.3
27-02-93,357.6
06-03-93,358.3
13-03-93,358.5
20-03-93,358.1
27-03-93,358.8
03-04-93,359.1
10-04-93,358.8
17-04-93,359.4
24-04-93,360
01-05-93,359.6
08-05-93,359.7
15-05-93,360.7
22-05-93,360.6
29-05-93,360.3
05-06-93,359.7
12-06-93,359.9
19-06-93,359.3
26-06-93,359.1
03-07-93,357.9
10-07-93,358
17-07-93,358.1
24-07-93,356.6
31-07-93,356.5
07-08-93,355.8
14-08-93,355.9
21-08-93,354.9
28-08-93,354.7
04-09-93,354.3
11-09-93,353.2
18-09-93,353.8
25-09-93,353.8
02-10-93,353.8
09-10-93,353.8
16-10-93,354
23-10-93,354.4
30-10-93,354.3
06-11-93,354.7
13-11-93,355.1
20-11-93,355.6
27-11-93,356
04-12-93,356.2
11-12-93,356.5
18-12-93,356.9
25-12-93,357.5
01-01-94,358.1
08-01-94,358.1
15-01-94,358.4
22-01-94,358.3
29-01-94,358.7
05-02-94,358.4
12-02-94,358.6
19-02-94,359
26-02-94,359.6
05-03-94,358.7
12-03-94,359.8
19-03-94,360.4
26-03-94,360.8
02-04-94,360.6
09-04-94,361
16-04-94,361
23-04-94,361.3
30-04-94,362.2
07-05-94,361.6
14-05-94,361.4
21-05-94,361.7
28-05-94,361.9
04-06-94,361
11-06-94,361
18-06-94,360.9
25-06-94,360.7
02-07-94,360.2
09-07-94,359.9
16-07-94,359.4
23-07-94,359
30-07-94,358.8
06-08-94,358.1
13-08-94,357.5
20-08-94,357.6
27-08-94,356.3
03-09-94,356.4
10-09-94,356.4
17-09-94,355.4
24-09-94,355.5
01-10-94,355.4
08-10-94,355.8
15-10-94,356
22-10-94,356.3
29-10-94,356.6
05-11-94,356.9
12-11-94,357.4
19-11-94,357.9
26-11-94,358.1
03-12-94,358.4
10-12-94,359.1
17-12-94,359.2
24-12-94,359.1
31-12-94,359.5
07-01-95,359.6
14-01-95,360.2
21-01-95,360.1
28-01-95,360
04-02-95,360.6
11-02-95,361
18-02-95,360.8
25-02-95,361.3
04-03-95,362.2
11-03-95,361.2
18-03-95,360.9
25-03-95,362
01-04-95,363.8
08-04-95,363.4
15-04-95,363.3
22-04-95,362.8
29-04-95,363.5
06-05-95,363.2
13-05-95,364.1
20-05-95,364.1
27-05-95,363.4
03-06-95,363.9
10-06-95,363.4
17-06-95,362.9
24-06-95,362.8
01-07-95,362.5
08-07-95,362.2
15-07-95,361.9
22-07-95,361.5
29-07-95,360.9
05-08-95,360.4
12-08-95,359.2
19-08-95,358.7
26-08-95,359.2
02-09-95,357.3
09-09-95,358.5
16-09-95,358.5
23-09-95,358.2
30-09-95,357.5
07-10-95,357.6
14-10-95,357.6
21-10-95,358
28-10-95,358.2
04-11-95,359.1
11-11-95,359.4
18-11-95,359.6
25-11-95,359.8
02-12-95,360.1
09-12-95,360.4
16-12-95,360.5
23-12-95,360.8
30-12-95,361.7
06-01-96,361.8
13-01-96,362
20-01-96,362.1
27-01-96,362.2
03-02-96,362.6
10-02-96,363.1
17-02-96,363
24-02-96,364
02-03-96,363.8
09-03-96,363.6
16-03-96,364.1
23-03-96,364.5
30-03-96,364.3
06-04-96,364.5
13-04-96,364.8
20-04-96,364.4
27-04-96,365.1
04-05-96,364.9
11-05-96,365.3
18-05-96,365.7
25-05-96,365.4
01-06-96,364.8
08-06-96,365.1
15-06-96,365.2
22-06-96,365
29-06-96,364.3
06-07-96,364.1
13-07-96,363.7
20-07-96,363.3
27-07-96,362.8
03-08-96,361.7
10-08-96,362.1
17-08-96,361.2
24-08-96,360.8
31-08-96,360.8
07-09-96,359.8
14-09-96,359.8
21-09-96,359
28-09-96,359
05-10-96,359.4
12-10-96,359.5
19-10-96,359.8
26-10-96,359.8
02-11-96,359.9
09-11-96,360.5
16-11-96,360.7
23-11-96,361.2
30-11-96,361.4
07-12-96,361.9
14-12-96,362.6
21-12-96,362.4
28-12-96,362.6
04-01-97,362.9
11-01-97,363
18-01-97,363.1
25-01-97,363.5
01-02-97,363.2
08-02-97,364.1
15-02-97,364
22-02-97,364.2
01-03-97,364.5
08-03-97,364.1
15-03-97,364.1
22-03-97,364.7
29-03-97,365.4
05-04-97,365.8
12-04-97,366.2
19-04-97,366.6
26-04-97,366.7
03-05-97,366.7
10-05-97,366.8
17-05-97,367
24-05-97,366.6
31-05-97,366.3
07-06-97,365.7
14-06-97,365.6
21-06-97,365.5
28-06-97,365.1
05-07-97,365
12-07-97,364.6
19-07-97,364.1
26-07-97,363.8
02-08-97,363.3
09-08-97,363.3
16-08-97,362.6
23-08-97,361.5
30-08-97,361.6
06-09-97,360.6
13-09-97,360.2
20-09-97,360
27-09-97,359.8
04-10-97,360.5
11-10-97,360.4
18-10-97,361
25-10-97,361.1
01-11-97,361.7
08-11-97,362.1
15-11-97,362
22-11-97,362.6
29-11-97,363.5
06-12-97,363.9
13-12-97,363.9
20-12-97,364.2
27-12-97,365
03-01-98,365.2
10-01-98,365.3
17-01-98,365.3
24-01-98,365.3
31-01-98,365.6
07-02-98,366
14-02-98,365.5
21-02-98,366
28-02-98,367.3
07-03-98,367
14-03-98,366.6
21-03-98,367.4
28-03-98,368.5
04-04-98,368.6
11-04-98,368.6
18-04-98,368
25-04-98,368.9
02-05-98,369.1
09-05-98,368.8
16-05-98,368.5
23-05-98,369.6
30-05-98,369.7
06-06-98,369.4
13-06-98,368.8
20-06-98,368.5
27-06-98,368.3
04-07-98,368
11-07-98,367.5
18-07-98,367.6
25-07-98,367.3
01-08-98,366.8
08-08-98,366.4
15-08-98,365.6
22-08-98,365.6
29-08-98,364.2
05-09-98,364.7
12-09-98,363.9
19-09-98,363.5
26-09-98,363.6
03-10-98,364
10-10-98,364.1
17-10-98,364.4
24-10-98,364.4
31-10-98,364.7
07-11-98,365
14-11-98,365.4
21-11-98,365.8
28-11-98,366
05-12-98,366.4
12-12-98,366.7
19-12-98,367.3
26-12-98,367.3
02-01-99,367.5
09-01-99,367.8
16-01-99,367.8
23-01-99,368.3
30-01-99,369.2
06-02-99,369.1
13-02-99,368.8
20-02-99,369
27-02-99,368.5
06-03-99,368.1
13-03-99,369.5
20-03-99,370.2
27-03-99,370.6
03-04-99,371.1
10-04-99,371.5
17-04-99,371
24-04-99,370.3
01-05-99,370.8
08-05-99,371.3
15-05-99,371
22-05-99,370.8
29-05-99,370.3
05-06-99,370.9
12-06-99,370.3
19-06-99,369.9
26-06-99,369.9
03-07-99,369.4
10-07-99,370.1
17-07-99,369.5
24-07-99,368.6
31-07-99,367.4
07-08-99,367.6
14-08-99,366.7
21-08-99,366.4
28-08-99,366.1
04-09-99,364.1
11-09-99,364.7
18-09-99,365.2
25-09-99,364.7
02-10-99,364.5
09-10-99,365
16-10-99,364.9
23-10-99,365.6
30-10-99,365.7
06-11-99,366.2
13-11-99,366.7
20-11-99,366.6
27-11-99,367.1
04-12-99,367.4
11-12-99,368
18-12-99,368
25-12-99,368.2
01-01-00,368.6
08-01-00,368.5
15-01-00,369
22-01-00,369.8
29-01-00,369.2
05-02-00,369.1
12-02-00,369.6
19-02-00,369.3
26-02-00,369.5
04-03-00,370
11-03-00,370
18-03-00,370.9
25-03-00,370.7
01-04-00,370.9
08-04-00,371.7
15-04-00,371.8
22-04-00,372
29-04-00,371.3
06-05-00,371.2
13-05-00,371.7
20-05-00,371.9
27-05-00,371.8
03-06-00,371.9
10-06-00,371.6
17-06-00,371.7
24-06-00,371.3
01-07-00,370.8
08-07-00,370
15-07-00,370.2
22-07-00,369.7
29-07-00,369
05-08-00,368.7
12-08-00,368.3
19-08-00,367.7
26-08-00,367.1
02-09-00,367.2
09-09-00,366.7
16-09-00,366.2
23-09-00,366.2
30-09-00,366.4
07-10-00,366.3
14-10-00,366.6
21-10-00,366.7
28-10-00,367.3
04-11-00,367.6
11-11-00,368
18-11-00,368.6
25-11-00,368.3
02-12-00,369
09-12-00,369.6
16-12-00,369.3
23-12-00,369.5
30-12-00,369.8
06-01-01,369.8
13-01-01,370.2
20-01-01,369.9
27-01-01,370.8
03-02-01,371.3
10-02-01,371.1
17-02-01,371.7
24-02-01,371.2
03-03-01,372.2
10-03-01,372.2
17-03-01,372.1
24-03-01,371.8
31-03-01,372
07-04-01,372.7
14-04-01,372.7
21-04-01,373
28-04-01,372.7
05-05-01,373.7
12-05-01,373.9
19-05-01,373.7
26-05-01,373.9
02-06-01,373.8
09-06-01,373.1
16-06-01,372.8
23-06-01,372.9
30-06-01,372.7
07-07-01,372.1
14-07-01,371.3
21-07-01,371.2
28-07-01,370.6
04-08-01,369.9
11-08-01,369.5
18-08-01,369.3
25-08-01,369
01-09-01,368.4
08-09-01,368.2
15-09-01,368
22-09-01,367.4
29-09-01,367.4
06-10-01,367.8
13-10-01,367.6
20-10-01,368.1
27-10-01,368.7
03-11-01,368.7
10-11-01,368.8
17-11-01,369.7
24-11-01,370.3
01-12-01,370.3
08-12-01,370.8
15-12-01,371.2
22-12-01,371.3
29-12-01,371.5
